Anonymous_ID,Filename,Relative_Path,Extension,Image_Format,Image_Mode,Channels,Bit_Depth,File_Size_Bytes,File_Size_KB,File_Size_MB,Width,Height,Aspect_Ratio,Total_Pixels,Intensity_Min,Intensity_Max,Intensity_Range_MaxMin,Intensity_Mean,Intensity_Median,Intensity_SD,Intensity_Q1,Intensity_Q3,Intensity_IQR,Intensity_P1,Intensity_P5,Intensity_P95,Intensity_P99,Robust_Range_P95_P5,Robust_Range_P99_P1,Entropy,RMS_Contrast,Laplacian_Variance,Dark_Pixel_Ratio_Percent,Bright_Pixel_Ratio_Percent
P0001,P0001_01.jpg,P0001_01.jpg,.jpg,JPEG,L,1,8-bit,488696,477.242,0.46606,1368,2434,0.562038,3329712,0.0,255.0,255.0,67.17091448149269,0.0,83.55727351706022,0.0,151.0,151.0,0.0,0.0,213.0,241.0,213.0,241.0,4.513460159301758,83.55727351706022,179.37777507355742,55.43101024953509,0.9192086282537348
P0001,P0001_02.jpg,P0001_02.jpg,.jpg,JPEG,L,1,8-bit,594540,580.605,0.567,1384,2394,0.578112,3313296,0.0,255.0,255.0,84.0847787218528,24.0,83.73440667185248,9.0,165.0,156.0,0.0,0.0,222.0,250.0,222.0,250.0,6.979880332946777,83.73440667185248,98.02891292055358,33.44612132450587,1.787917529855467
P0002,P0002_01.jpg,P0002_01.jpg,.jpg,JPEG,L,1,8-bit,757879,740.116,0.72277,1540,2352,0.654762,3622080,0.0,255.0,255.0,103.85648025443943,75.0,59.442488963572266,59.0,158.0,99.0,18.0,38.0,213.0,242.0,175.0,224.0,7.372173309326172,59.442488963572266,118.17642049249213,0.5152564272462232,0.9952844774273346
P0002,P0002_02.jpg,P0002_02.jpg,.jpg,JPEG,L,1,8-bit,702800,686.328,0.67024,1344,2170,0.619355,2916480,0.0,255.0,255.0,96.27669587996489,65.0,85.69109276533702,20.0,181.0,161.0,0.0,0.0,237.0,255.0,237.0,255.0,7.2008161544799805,85.69109276533702,237.86572463789182,13.846280447662936,3.9169135396093924
P0003,P0003_01.jpg,P0003_01.jpg,.jpg,JPEG,L,1,8-bit,485468,474.09,0.46298,1708,2408,0.709302,4112864,0.0,255.0,255.0,48.53510862503598,13.0,67.7432751728566,4.0,67.0,63.0,0.0,0.0,193.0,215.0,193.0,215.0,6.344944000244141,67.7432751728566,100.50981984002235,49.53759715857369,0.08150038513308488
P0003,P0003_02.jpg,P0003_02.jpg,.jpg,JPEG,L,1,8-bit,659166,643.717,0.62863,1496,2250,0.664889,3366000,0.0,255.0,255.0,102.94227658942364,68.0,72.3986196320962,34.0,180.0,146.0,15.0,25.0,209.0,227.0,184.0,212.0,7.1853532791137695,72.3986196320962,330.835420904441,0.5488710635769459,0.23526440879382055
P0003,P0003_03.jpg,P0003_03.jpg,.jpg,JPEG,L,1,8-bit,486805,475.396,0.46425,1844,2282,0.808063,4208008,0.0,255.0,255.0,52.43589223214405,13.0,68.50940371743029,7.0,90.0,83.0,0.0,2.0,193.0,212.0,191.0,212.0,6.3001556396484375,68.50940371743029,71.66421433998445,49.90886424170296,0.0794200011026595
P0003,P0003_04.jpg,P0003_04.jpg,.jpg,JPEG,L,1,8-bit,466296,455.367,0.44469,1660,2218,0.748422,3681880,0.0,255.0,255.0,51.13721196779906,14.0,67.34171393762308,6.0,79.0,73.0,0.0,1.0,191.0,212.0,190.0,212.0,6.422512054443359,67.34171393762308,118.63786790426556,45.665746846719614,0.07545058502721436
P0004,P0004_01.jpg,P0004_01.jpg,.jpg,JPEG,L,1,8-bit,607109,592.88,0.57898,2032,2582,0.786987,5246624,0.0,255.0,255.0,41.88428844910556,10.0,59.77905373584347,9.0,48.0,39.0,0.0,1.0,175.0,197.0,174.0,197.0,5.521726608276367,59.77905373584347,60.55460948905863,65.64747159316163,0.04570558134144928
P0004,P0004_02.jpg,P0004_02.jpg,.jpg,JPEG,L,1,8-bit,641879,626.835,0.61214,2032,2497,0.813777,5073904,0.0,255.0,255.0,58.12884792459613,14.0,70.26454101563104,12.0,102.0,90.0,0.0,3.0,203.0,225.0,200.0,225.0,6.069126605987549,70.26454101563104,65.21279078467794,26.205344050656066,0.10934381099839492
P0005,P0005_01.jpg,P0005_01.jpg,.jpg,JPEG,L,1,8-bit,1001759,978.28,0.95535,2440,2590,0.942085,6319600,0.0,255.0,255.0,84.79477989113235,45.0,66.21081795496677,28.0,157.0,129.0,13.0,19.0,191.0,210.0,172.0,197.0,6.90068244934082,66.21081795496677,83.89606297922919,0.2945439584783847,0.05168048610671561
P0005,P0005_02.jpg,P0005_02.jpg,.jpg,JPEG,L,1,8-bit,653355,638.042,0.62309,2032,2439,0.833128,4956048,0.0,255.0,255.0,67.67359597808577,27.0,65.54984529155607,21.0,132.0,111.0,4.0,13.0,191.0,212.0,178.0,208.0,6.629462718963623,65.54984529155607,58.73403750018868,4.647210842187162,0.07181124960855909
P0005,P0005_03.jpg,P0005_03.jpg,.jpg,JPEG,L,1,8-bit,656489,641.103,0.62608,2032,2439,0.833128,4956048,0.0,255.0,255.0,65.39147663622306,26.0,69.23229150326354,20.0,118.0,98.0,0.0,1.0,203.0,235.0,202.0,235.0,6.718338966369629,69.23229150326354,66.97145183869526,12.656172821570735,0.7064701552527336
P0006,P0006_01.jpg,P0006_01.jpg,.jpg,JPEG,L,1,8-bit,443685,433.286,0.42313,1628,2204,0.738657,3588112,0.0,255.0,255.0,54.42969366619548,13.0,71.52141567349403,10.0,92.0,82.0,0.0,2.0,203.0,223.0,201.0,223.0,6.04471492767334,71.52141567349403,57.70543079087539,48.00574786963171,0.13748177314420507
P0006,P0006_02.jpg,P0006_02.jpg,.jpg,JPEG,L,1,8-bit,482348,471.043,0.46,1628,2247,0.724522,3658116,0.0,255.0,255.0,59.86885599035132,13.0,72.43174233613001,10.0,114.0,104.0,0.0,2.0,203.0,223.0,201.0,223.0,6.28492546081543,72.43174233613001,48.027764342107105,46.49417897081449,0.10494473111295542
P0006,P0006_03.jpg,P0006_03.jpg,.jpg,JPEG,L,1,8-bit,403971,394.503,0.38526,1480,2173,0.681086,3216040,0.0,255.0,255.0,47.894199699008716,6.0,67.540006682287,3.0,89.0,86.0,0.0,0.0,185.0,209.0,185.0,209.0,5.821146488189697,67.540006682287,60.00382159458586,62.24602305941468,0.08280369647143693
P0006,P0006_04.jpg,P0006_04.jpg,.jpg,JPEG,L,1,8-bit,410442,400.822,0.39143,1528,2077,0.735676,3173656,0.0,255.0,255.0,58.05026316651836,14.0,68.85252303545373,11.0,102.0,91.0,0.0,2.0,199.0,222.0,197.0,222.0,6.455625534057617,68.85252303545373,59.589969462453,39.206864260020616,0.12238251404689104
P0007,P0007_01.jpg,P0007_01.jpg,.jpg,JPEG,L,1,8-bit,569601,556.251,0.54321,2032,2439,0.833128,4956048,0.0,255.0,255.0,38.33931027302399,12.0,54.19698822134155,9.0,33.0,24.0,0.0,2.0,168.0,192.0,166.0,192.0,5.682414531707764,54.19698822134155,70.30091374755946,53.9717734775773,0.06240859652691015
P0007,P0007_02.jpg,P0007_02.jpg,.jpg,JPEG,L,1,8-bit,535345,522.798,0.51054,2032,2439,0.833128,4956048,0.0,255.0,255.0,51.704496405200274,8.0,72.96376451777994,5.0,85.0,80.0,2.0,2.0,210.0,241.0,208.0,239.0,5.665315628051758,72.96376451777994,66.74778177912039,63.90854164447156,0.8800762220220627
P0007,P0007_03.jpg,P0007_03.jpg,.jpg,JPEG,L,1,8-bit,597976,583.961,0.57027,2032,2439,0.833128,4956048,0.0,255.0,255.0,48.67212847817454,18.0,58.44411462304091,11.0,69.0,58.0,0.0,3.0,172.0,193.0,169.0,193.0,6.399589538574219,58.44411462304091,56.183456197639806,32.55882509612498,0.054277117574325344
P0007,P0007_04.jpg,P0007_04.jpg,.jpg,JPEG,L,1,8-bit,517399,505.272,0.49343,2032,2439,0.833128,4956048,0.0,255.0,255.0,46.82463063311735,9.0,64.84985445764663,4.0,75.0,71.0,0.0,0.0,188.0,214.0,188.0,214.0,6.142887592315674,64.84985445764663,45.809001736599136,59.117647770965895,0.07725913873311963
P0008,P0008_01.jpg,P0008_01.jpg,.jpg,JPEG,L,1,8-bit,409011,399.425,0.39006,2032,1241,1.637389,2521712,0.0,255.0,255.0,69.56232194636026,34.0,72.11524668541126,10.0,137.0,127.0,0.0,2.0,202.0,231.0,200.0,231.0,6.893058776855469,72.11524668541126,145.3116861619189,40.50391162829062,0.47983274854543256
P0008,P0008_02.jpg,P0008_02.jpg,.jpg,JPEG,L,1,8-bit,468290,457.314,0.4466,2032,1301,1.561875,2643632,0.0,255.0,255.0,87.4108230646323,65.0,76.39566553515456,14.0,166.0,152.0,2.0,7.0,206.0,231.0,199.0,229.0,6.92152214050293,76.39566553515456,141.67006521110122,14.67284402670266,0.3907124743534652
P0008,P0008_03.jpg,P0008_03.jpg,.jpg,JPEG,L,1,8-bit,671498,655.76,0.64039,2440,2032,1.200787,4958080,0.0,255.0,255.0,54.48192606815542,14.0,65.58658135910146,3.0,121.0,118.0,0.0,0.0,172.0,195.0,172.0,195.0,6.366182804107666,65.58658135910146,56.97889160683961,48.36680731250807,0.05272202142764941
P0008,P0008_04.jpg,P0008_04.jpg,.jpg,JPEG,L,1,8-bit,424267,414.323,0.40461,1628,2032,0.801181,3308096,0.0,255.0,255.0,62.191523462438816,31.0,52.249608449195456,28.0,95.0,67.0,9.0,17.0,170.0,198.0,153.0,189.0,6.505277633666992,52.249608449195456,55.05764289104795,2.3310689895335566,0.09135164154849194
P0008,P0008_05.jpg,P0008_05.jpg,.jpg,JPEG,L,1,8-bit,369502,360.842,0.35238,1628,2032,0.801181,3308096,0.0,255.0,255.0,56.36013434918455,5.0,76.15490374415435,0.0,120.0,120.0,0.0,0.0,203.0,228.0,203.0,228.0,5.305195331573486,76.15490374415435,66.0374349644598,60.24958163245565,0.31298970767474704
P0009,P0009_01.jpg,P0009_01.jpg,.jpg,JPEG,L,1,8-bit,576817,563.298,0.5501,2032,2439,0.833128,4956048,0.0,255.0,255.0,62.3572197040868,37.0,56.65878054935785,35.0,40.0,5.0,18.0,26.0,199.0,234.0,173.0,216.0,5.396461486816406,56.65878054935785,58.13844715647227,0.09041478210057691,0.5997520605127311
P0009,P0009_02.jpg,P0009_02.jpg,.jpg,JPEG,L,1,8-bit,486453,475.052,0.46392,2032,2439,0.833128,4956048,0.0,255.0,255.0,52.70676595545483,21.0,65.26750912117338,19.0,47.0,28.0,9.0,12.0,212.0,254.0,200.0,245.0,5.265671253204346,65.26750912117338,49.551115271452176,5.5599945763237155,1.8205634812253635
P0010,P0010_01.jpg,P0010_01.jpg,.jpg,JPEG,L,1,8-bit,652630,637.334,0.6224,2504,1617,1.548547,4048968,0.0,255.0,255.0,82.4708189839979,37.0,78.03894668665076,19.0,164.0,145.0,2.0,8.0,223.0,250.0,215.0,248.0,7.3214640617370605,78.03894668665076,185.56287200228897,10.26999966411194,1.7113743551443232
P0010,P0010_02.jpg,P0010_02.jpg,.jpg,JPEG,L,1,8-bit,587047,573.288,0.55985,2320,1449,1.601104,3361680,0.0,255.0,255.0,91.18790902167963,58.0,84.62541756731879,10.0,176.0,166.0,0.0,3.0,224.0,248.0,221.0,248.0,7.118408203125,84.62541756731879,140.30734889779097,32.84143642464482,1.7405582922824303
P0011,P0011_01.jpg,P0011_01.jpg,.jpg,JPEG,L,1,8-bit,593331,579.425,0.56584,2372,1338,1.772795,3173736,0.0,255.0,255.0,84.49444125157228,37.0,80.26089445271735,16.0,165.0,149.0,0.0,1.0,222.0,246.0,221.0,246.0,7.363871097564697,80.26089445271735,234.6901741870931,18.931662873030398,1.3247793767345488
P0012,P0012_01.jpg,P0012_01.jpg,.jpg,JPEG,L,1,8-bit,527283,514.925,0.50286,1628,2190,0.743379,3565320,0.0,255.0,255.0,58.184212356815095,21.0,65.17192212503518,15.0,106.0,91.0,0.0,6.0,189.0,213.0,183.0,213.0,6.487372875213623,65.17192212503518,77.75654655392623,15.236472462499858,0.10571281119226325
P0012,P0012_02.jpg,P0012_02.jpg,.jpg,JPEG,L,1,8-bit,496309,484.677,0.47332,1628,2183,0.745763,3553924,0.0,255.0,255.0,59.3694023845192,20.0,64.7274825524216,13.0,119.0,106.0,0.0,5.0,184.0,208.0,179.0,208.0,6.537627696990967,64.7274825524216,47.79188395703263,21.601981359196202,0.08421676997032013
P0013,P0013_01.jpg,P0013_01.jpg,.jpg,JPEG,L,1,8-bit,494566,482.975,0.47165,1628,2251,0.723234,3664628,0.0,255.0,255.0,46.58407347212323,11.0,67.10462144850459,9.0,50.0,41.0,0.0,2.0,193.0,217.0,191.0,217.0,5.526644706726074,67.10462144850459,142.267362118866,66.64651910098378,0.11294461538797389
P0013,P0013_02.jpg,P0013_02.jpg,.jpg,JPEG,L,1,8-bit,622543,607.952,0.5937,1476,2162,0.682701,3191112,0.0,255.0,255.0,75.27775427499881,20.0,76.75359683692253,17.0,163.0,146.0,1.0,8.0,205.0,226.0,197.0,225.0,6.337517738342285,76.75359683692253,413.59097162153836,11.267858978312262,0.23556051934247374
P0014,P0014_01.jpg,P0014_01.jpg,.jpg,JPEG,L,1,8-bit,583681,570.001,0.55664,1684,2454,0.686227,4132536,0.0,255.0,255.0,59.21770941620351,19.0,65.47556714154268,11.0,122.0,111.0,0.0,3.0,180.0,201.0,177.0,201.0,6.689957141876221,65.47556714154268,90.55284510383025,31.328027148462834,0.052582724022246875
P0014,P0014_02.jpg,P0014_02.jpg,.jpg,JPEG,L,1,8-bit,590092,576.262,0.56276,1628,2530,0.643478,4118840,0.0,255.0,255.0,75.15276534169814,27.0,72.91745727701492,18.0,146.0,128.0,0.0,0.0,204.0,222.0,204.0,222.0,6.9927802085876465,72.91745727701492,48.32290288904629,16.28696429091686,0.3667294675199813
P0015,P0015_01.jpg,P0015_01.jpg,.jpg,JPEG,L,1,8-bit,578150,564.6,0.55137,2032,2439,0.833128,4956048,0.0,255.0,255.0,42.09663546438614,17.0,54.5941272253491,14.0,24.0,10.0,0.0,7.0,175.0,202.0,168.0,202.0,5.607783317565918,54.5941272253491,59.62527508908266,13.927730320610292,0.0628323212365982
P0015,P0015_02.jpg,P0015_02.jpg,.jpg,JPEG,L,1,8-bit,488698,477.244,0.46606,2032,2439,0.833128,4956048,0.0,255.0,255.0,37.20444898838752,4.0,60.92306956030306,2.0,48.0,46.0,0.0,0.0,176.0,215.0,176.0,215.0,5.083747386932373,60.92306956030306,46.118798157109374,68.52911836204976,0.314847636665343
P0016,P0016_01.jpg,P0016_01.jpg,.jpg,JPEG,L,1,8-bit,851105,831.157,0.81168,2440,2518,0.969023,6143920,0.0,255.0,255.0,47.257760192190005,15.0,59.10742629816721,12.0,62.0,50.0,0.0,4.0,176.0,200.0,172.0,200.0,6.0318603515625,59.10742629816721,57.433080514433975,25.832676857771585,0.052637404132866314
P0016,P0016_02.jpg,P0016_02.jpg,.jpg,JPEG,L,1,8-bit,599834,585.775,0.57205,2032,2439,0.833128,4956048,0.0,255.0,255.0,54.77160632826801,33.0,50.38319849780928,31.0,35.0,4.0,9.0,20.0,176.0,207.0,156.0,198.0,5.303789138793945,50.38319849780928,60.26050584131916,1.7012748867646157,0.0851686666472964
P0016,P0016_03.jpg,P0016_03.jpg,.jpg,JPEG,L,1,8-bit,600551,586.476,0.57273,2032,2439,0.833128,4956048,0.0,255.0,255.0,64.01704523442872,39.0,57.99197229478059,37.0,42.0,5.0,13.0,25.0,206.0,231.0,181.0,218.0,5.541799068450928,57.99197229478059,48.190784794190705,0.8913755476137439,0.38129170661785355
P0017,P0017_01.jpg,P0017_01.jpg,.jpg,JPEG,L,1,8-bit,520673,508.47,0.49655,2440,1409,1.731725,3437960,0.0,255.0,255.0,59.14690688664208,14.0,65.65749593451272,11.0,104.0,93.0,0.0,3.0,194.0,216.0,191.0,216.0,6.445993423461914,65.65749593451272,89.87051633752354,37.996660810480634,0.08269438853273453
P0017,P0017_02.jpg,P0017_02.jpg,.jpg,JPEG,L,1,8-bit,611122,596.799,0.58281,2032,2439,0.833128,4956048,0.0,255.0,255.0,65.21291520986075,34.0,57.903891913181546,32.0,86.0,54.0,12.0,22.0,186.0,208.0,164.0,196.0,5.855010032653809,57.903891913181546,51.21115138014146,1.0316082491533576,0.05897844411514981
P0017,P0017_03.jpg,P0017_03.jpg,.jpg,JPEG,L,1,8-bit,611410,597.08,0.58309,2032,2439,0.833128,4956048,0.0,255.0,255.0,63.74749235681333,25.0,68.4039443712096,23.0,105.0,82.0,2.0,13.0,203.0,225.0,190.0,223.0,5.812924385070801,68.4039443712096,57.622605892993796,4.979390837215459,0.13250476992958904
P0018,P0018_01.jpg,P0018_01.jpg,.jpg,JPEG,L,1,8-bit,539884,527.23,0.51487,2032,2439,0.833128,4956048,0.0,255.0,255.0,40.43098210509664,16.0,54.07284381166703,13.0,23.0,10.0,0.0,5.0,172.0,200.0,167.0,200.0,5.777156829833984,54.07284381166703,47.38124502567486,23.134501522180575,0.07417200156253531
P0018,P0018_02.jpg,P0018_02.jpg,.jpg,JPEG,L,1,8-bit,523071,510.812,0.49884,2032,2439,0.833128,4956048,0.0,255.0,255.0,41.074938539739726,13.0,54.61106690195052,11.0,47.0,36.0,0.0,4.0,170.0,196.0,166.0,196.0,5.530566215515137,54.61106690195052,48.03585186873452,35.221712945475915,0.07834871655803172
P0019,P0019_01.jpg,P0019_01.jpg,.jpg,JPEG,L,1,8-bit,426052,416.066,0.40631,2440,1365,1.787546,3330600,0.0,255.0,255.0,43.03274665225485,13.0,55.41509924903507,8.0,66.0,58.0,0.0,0.0,167.0,199.0,167.0,199.0,6.318199157714844,55.41509924903507,72.7615617715472,48.123461238215334,0.10028223142977241
P0019,P0019_02.jpg,P0019_02.jpg,.jpg,JPEG,L,1,8-bit,443530,433.135,0.42298,2440,1397,1.7466,3408680,0.0,255.0,255.0,44.49613134703169,13.0,55.60129425845115,9.0,72.0,63.0,0.0,2.0,167.0,198.0,165.0,198.0,6.286096572875977,55.60129425845115,70.07483470378043,47.15934027248084,0.09458206695847073
P0020,P0020_01.jpg,P0020_01.jpg,.jpg,JPEG,L,1,8-bit,417435,407.651,0.3981,2272,1441,1.576683,3273952,0.0,255.0,255.0,54.34985821417052,20.0,62.558778126696055,13.0,87.0,74.0,0.0,4.0,185.0,210.0,181.0,210.0,6.684511184692383,62.558778126696055,174.96264885588565,24.465997057989856,0.10693498255319564
P0020,P0020_02.jpg,P0020_02.jpg,.jpg,JPEG,L,1,8-bit,367977,359.353,0.35093,2024,1318,1.53566,2667632,0.0,255.0,255.0,54.08349202588663,16.0,60.70117295102458,12.0,98.0,86.0,0.0,4.0,177.0,202.0,173.0,202.0,6.510903358459473,60.70117295102458,189.97146852581128,29.87237370072034,0.12674161953372878
P0021,P0021_01.jpg,P0021_01.jpg,.jpg,JPEG,L,1,8-bit,655659,640.292,0.62529,2032,2439,0.833128,4956048,0.0,255.0,255.0,51.38468372380574,24.0,61.97084050091742,20.0,48.0,28.0,0.0,0.0,192.0,218.0,192.0,218.0,5.881782531738281,61.97084050091742,185.14376274410665,15.081774833496366,0.13236352835969306
P0021,P0021_02.jpg,P0021_02.jpg,.jpg,JPEG,L,1,8-bit,628731,613.995,0.5996,2032,2439,0.833128,4956048,0.0,255.0,255.0,46.422959382152875,5.0,72.65191372724784,4.0,68.0,64.0,0.0,0.0,200.0,223.0,200.0,223.0,4.974799633026123,72.65191372724784,180.50868804011517,69.33718156079198,0.15036173983787082
P0021,P0021_03.jpg,P0021_03.jpg,.jpg,JPEG,L,1,8-bit,516680,504.57,0.49274,2440,1406,1.73542,3430640,0.0,255.0,255.0,50.85883042231187,14.0,60.41397467926505,12.0,77.0,65.0,0.0,4.0,182.0,208.0,178.0,208.0,6.222113609313965,60.41397467926505,122.98162319981148,31.684816827180935,0.11030011892824662
P0022,P0022_01.jpg,P0022_01.jpg,.jpg,JPEG,L,1,8-bit,729741,712.638,0.69594,2032,2439,0.833128,4956048,0.0,255.0,255.0,93.47890193960994,76.0,53.52661139436606,53.0,105.0,52.0,31.0,41.0,206.0,235.0,165.0,204.0,7.184292316436768,53.52661139436606,81.96492151028878,0.12524091776350835,0.5707370065826642
P0022,P0022_02.jpg,P0022_02.jpg,.jpg,JPEG,L,1,8-bit,697382,681.037,0.66508,2032,2439,0.833128,4956048,0.0,255.0,255.0,93.41045587129099,63.0,63.28889986660301,48.0,145.0,97.0,26.0,38.0,220.0,245.0,182.0,219.0,7.019654750823975,63.28889986660301,69.76678620791628,0.0994542425739218,1.299139959903536
P0023,P0023_01.jpg,P0023_01.jpg,.jpg,JPEG,L,1,8-bit,325585,317.954,0.3105,1628,2032,0.801181,3308096,0.0,255.0,255.0,38.91656136944031,0.0,65.58524129139083,0.0,56.0,56.0,0.0,0.0,179.0,200.0,179.0,200.0,3.969697952270508,65.58524129139083,73.44520642750439,68.86568588094178,0.017472286173073573
P0023,P0023_02.jpg,P0023_02.jpg,.jpg,JPEG,L,1,8-bit,400846,391.451,0.38228,1628,2032,0.801181,3308096,0.0,255.0,255.0,50.77022069492542,6.0,71.4974327944921,0.0,108.0,108.0,0.0,0.0,192.0,213.0,192.0,213.0,5.483442306518555,71.4974327944921,101.3579027473244,60.81443827506819,0.07248882741008726
P0024,P0024_01.jpg,P0024_01.jpg,.jpg,JPEG,L,1,8-bit,897068,876.043,0.85551,2152,2568,0.838006,5526336,0.0,255.0,255.0,51.71518905111814,17.0,65.00170503234008,11.0,94.0,83.0,0.0,0.0,186.0,213.0,186.0,213.0,6.206787586212158,65.00170503234008,115.08077891594155,29.59669842731242,0.1043729516265388
P0024,P0024_02.jpg,P0024_02.jpg,.jpg,JPEG,L,1,8-bit,858881,838.751,0.81909,2176,2724,0.798825,5927424,0.0,255.0,255.0,52.514255939848404,19.0,59.83022787208175,16.0,78.0,62.0,0.0,7.0,183.0,208.0,176.0,208.0,6.120678901672363,59.83022787208175,94.25332945083184,11.889161295024618,0.0707389921827762
P0025,P0025_01.jpg,P0025_01.jpg,.jpg,JPEG,L,1,8-bit,361668,353.191,0.34491,1688,2268,0.744268,3828384,0.0,255.0,255.0,37.01796920058176,0.0,57.27508696300268,0.0,72.0,72.0,0.0,0.0,153.0,174.0,153.0,174.0,3.806124448776245,57.27508696300268,41.4213199547986,64.86838833304078,0.0198517181139614
P0025,P0025_02.jpg,P0025_02.jpg,.jpg,JPEG,L,1,8-bit,381313,372.376,0.36365,1676,2316,0.723661,3881616,0.0,255.0,255.0,52.26316307434841,0.0,71.84206887609656,0.0,108.0,108.0,0.0,0.0,192.0,213.0,192.0,213.0,4.367582321166992,71.84206887609656,49.53849725841992,57.74432607450093,0.017956438761587958
P0026,P0026_01.jpg,P0026_01.jpg,.jpg,JPEG,L,1,8-bit,695042,678.752,0.66284,2152,2690,0.8,5788880,0.0,255.0,255.0,45.66461733530493,13.0,65.00781083299212,0.0,49.0,49.0,0.0,0.0,183.0,212.0,183.0,212.0,5.754001617431641,65.00781083299212,59.76681487872037,49.84534141319219,0.11352800541728279
P0026,P0026_02.jpg,P0026_02.jpg,.jpg,JPEG,L,1,8-bit,693692,677.434,0.66156,2120,2625,0.807619,5565000,0.0,255.0,255.0,52.05894339622642,13.0,65.49248033951648,4.0,118.0,114.0,0.0,0.0,176.0,203.0,176.0,203.0,6.344979286193848,65.49248033951648,41.74446769487577,48.51290206648697,0.05433962264150944
P0027,P0027_01.jpg,P0027_01.jpg,.jpg,JPEG,L,1,8-bit,597711,583.702,0.57002,2608,1532,1.70235,3995456,0.0,255.0,255.0,51.9705310232424,12.0,59.4979648050658,8.0,93.0,85.0,0.0,0.0,174.0,195.0,174.0,195.0,6.410743713378906,59.4979648050658,78.73013543366744,52.19481831360425,0.06389758765958128
P0028,P0028_01.jpg,P0028_01.jpg,.jpg,JPEG,L,1,8-bit,528087,515.71,0.50362,1628,2318,0.70233,3773704,0.0,255.0,255.0,68.12806197836396,9.0,82.46746068780045,3.0,159.0,156.0,0.0,0.0,206.0,228.0,206.0,228.0,6.025607585906982,82.46746068780045,70.20497699818051,57.08865878192885,0.2590028258708155
P0028,P0028_02.jpg,P0028_02.jpg,.jpg,JPEG,L,1,8-bit,527618,515.252,0.50318,1628,2404,0.677205,3913712,0.0,255.0,255.0,71.55187198240444,22.0,78.16625838015014,14.0,155.0,141.0,4.0,9.0,211.0,230.0,202.0,226.0,6.624537467956543,78.16625838015014,74.40964437079977,18.9461820389441,0.30316487263242675
P0029,P0029_01.jpg,P0029_01.jpg,.jpg,JPEG,L,1,8-bit,542681,529.962,0.51754,2440,1526,1.598952,3723440,0.0,255.0,255.0,41.72971123477215,11.0,52.835526926182,8.0,64.0,56.0,0.0,0.0,163.0,192.0,163.0,192.0,6.206280708312988,52.835526926182,116.11025790095114,56.28110027286595,0.0873923038910255
P0029,P0029_02.jpg,P0029_02.jpg,.jpg,JPEG,L,1,8-bit,589999,576.171,0.56267,2440,1663,1.467228,4057720,0.0,255.0,255.0,48.562354967814436,13.0,58.56029264039266,10.0,82.0,72.0,0.0,2.0,179.0,203.0,177.0,203.0,6.282438278198242,58.56029264039266,88.27281243308845,47.28236546632098,0.06363179322378083
P0030,P0030_01.jpg,P0030_01.jpg,.jpg,JPEG,L,1,8-bit,832165,812.661,0.79361,2032,2439,0.833128,4956048,0.0,255.0,255.0,90.05522141835591,66.0,54.250074327050854,57.0,85.0,28.0,36.0,47.0,210.0,240.0,163.0,204.0,6.663911819458008,54.250074327050854,103.66605250438353,0.09681100748015355,0.8664161444764054
P0030,P0030_02.jpg,P0030_02.jpg,.jpg,JPEG,L,1,8-bit,745854,728.373,0.7113,2032,2439,0.833128,4956048,0.0,255.0,255.0,73.4269813367425,38.0,65.29348892320321,33.0,128.0,95.0,10.0,21.0,204.0,238.0,183.0,228.0,6.348111629486084,65.29348892320321,73.54342677679547,1.732711224750043,0.7381889763779528
P0030,P0030_03.jpg,P0030_03.jpg,.jpg,JPEG,L,1,8-bit,503643,491.839,0.48031,2032,2439,0.833128,4956048,0.0,255.0,255.0,44.772646673317126,21.0,59.84986266075178,0.0,40.0,40.0,0.0,0.0,181.0,210.0,181.0,210.0,5.669521808624268,59.84986266075178,45.03348303298613,30.197205515362242,0.0751203378175514
P0030,P0030_04.jpg,P0030_04.jpg,.jpg,JPEG,L,1,8-bit,433213,423.06,0.41314,1664,2273,0.732072,3782272,0.0,255.0,255.0,46.6369221991438,14.0,56.886477770925225,11.0,71.0,60.0,0.0,4.0,169.0,199.0,165.0,199.0,6.25364351272583,56.886477770925225,25.270608877881845,38.03882957122068,0.0800577007682155
P0030,P0030_05.jpg,P0030_05.jpg,.jpg,JPEG,L,1,8-bit,528275,515.894,0.5038,2032,2439,0.833128,4956048,0.0,255.0,255.0,43.31783429054763,23.0,49.53019791905787,21.0,25.0,4.0,4.0,13.0,171.0,202.0,158.0,198.0,5.119271755218506,49.53019791905787,45.09516825059075,4.475118077952433,0.07703718769471159
P0030,P0030_06.jpg,P0030_06.jpg,.jpg,JPEG,L,1,8-bit,766084,748.129,0.73059,2032,2439,0.833128,4956048,0.0,255.0,255.0,46.52440735037272,23.0,49.727779230301,18.0,75.0,57.0,0.0,0.0,153.0,192.0,153.0,192.0,6.098982334136963,49.727779230301,63.40180953638802,14.464125448341097,0.07475714520924737
P0031,P0031_01.jpg,P0031_01.jpg,.jpg,JPEG,L,1,8-bit,609244,594.965,0.58102,1628,2517,0.646802,4097676,0.0,255.0,255.0,64.64767150941168,26.0,64.44016282827012,17.0,125.0,108.0,2.0,9.0,186.0,209.0,177.0,207.0,6.844303607940674,64.44016282827012,74.63082488636672,8.855019284101525,0.0860487749641504
P0031,P0031_02.jpg,P0031_02.jpg,.jpg,JPEG,L,1,8-bit,541382,528.693,0.5163,1628,2466,0.660178,4014648,0.0,255.0,255.0,65.10852234118657,20.0,65.80869047444014,17.0,126.0,109.0,0.0,7.0,187.0,210.0,180.0,210.0,6.424691200256348,65.80869047444014,28.38646235753881,11.505217892079205,0.08870017994105586
P0032,P0032_01.jpg,P0032_01.jpg,.jpg,JPEG,L,1,8-bit,598988,584.949,0.57124,1780,2589,0.687524,4608420,0.0,255.0,255.0,61.64280122037488,19.0,65.52494927331094,16.0,124.0,108.0,0.0,7.0,184.0,206.0,177.0,206.0,6.389977931976318,65.52494927331094,56.71447644680628,11.935175179345633,0.06557562027766567
P0032,P0032_02.jpg,P0032_02.jpg,.jpg,JPEG,L,1,8-bit,587135,573.374,0.55994,1684,2649,0.635712,4460916,0.0,255.0,255.0,69.77115529635617,22.0,67.55697605593966,18.0,139.0,121.0,0.0,8.0,189.0,211.0,181.0,211.0,6.605642318725586,67.55697605593966,29.743891743846643,10.623064859324856,0.07751771160900586
P0033,P0033_01.jpg,P0033_01.jpg,.jpg,JPEG,L,1,8-bit,632788,617.957,0.60347,2004,2499,0.801921,5007996,0.0,255.0,255.0,50.16804985467241,13.0,66.05862327163221,10.0,73.0,63.0,0.0,2.0,195.0,222.0,193.0,222.0,6.131843090057373,66.05862327163221,35.98237489890569,49.74962040704505,0.11423731169114353
P0033,P0033_02.jpg,P0033_02.jpg,.jpg,JPEG,L,1,8-bit,723947,706.979,0.69041,2112,2932,0.720327,6192384,0.0,255.0,255.0,39.55496962074703,10.0,61.86963626374574,7.0,19.0,12.0,0.0,2.0,190.0,212.0,188.0,212.0,5.594063758850098,61.86963626374574,55.07901983883817,62.55170867956509,0.052193145644714535
P0033,P0033_03.jpg,P0033_03.jpg,.jpg,JPEG,L,1,8-bit,656577,641.188,0.62616,2440,1594,1.53074,3889360,0.0,255.0,255.0,59.933853127506836,15.0,69.30909770890634,10.0,96.0,86.0,0.0,4.0,205.0,238.0,201.0,238.0,6.657303810119629,69.30909770890634,159.658960278691,42.582404303021576,0.7782771458543308
P0034,P0034_01.jpg,P0034_01.jpg,.jpg,JPEG,L,1,8-bit,627315,612.612,0.59825,2032,2439,0.833128,4956048,0.0,255.0,255.0,45.3998746581954,4.0,71.55801078112847,0.0,73.0,73.0,0.0,0.0,192.0,214.0,192.0,214.0,4.975265026092529,71.55801078112847,316.9897084234736,67.32130116576757,0.21644261718207736
P0034,P0034_02.jpg,P0034_02.jpg,.jpg,JPEG,L,1,8-bit,536947,524.362,0.51207,2032,2439,0.833128,4956048,0.0,255.0,255.0,37.46793977782298,2.0,66.86704622535247,0.0,30.0,30.0,0.0,0.0,189.0,213.0,189.0,213.0,4.50700569152832,66.86704622535247,248.7567770977429,71.34589899048596,0.23062730627306272
P0034,P0034_03.jpg,P0034_03.jpg,.jpg,JPEG,L,1,8-bit,578846,565.279,0.55203,2032,2439,0.833128,4956048,0.0,255.0,255.0,65.50775678524502,51.0,74.23261755738915,0.0,126.0,126.0,0.0,0.0,203.0,228.0,203.0,228.0,5.176586627960205,74.23261755738915,147.47005382033055,41.94862519491336,0.38805112460573427
P0034,P0034_04.jpg,P0034_04.jpg,.jpg,JPEG,L,1,8-bit,617767,603.288,0.58915,2032,2439,0.833128,4956048,0.0,255.0,255.0,48.81304781551753,10.0,74.35253276638687,0.0,73.0,73.0,0.0,0.0,203.0,226.0,203.0,226.0,5.109327793121338,74.35253276638687,305.30734993069206,65.58679415534313,0.3600449390320675
P0035,P0035_01.jpg,P0035_01.jpg,.jpg,JPEG,L,1,8-bit,418643,408.831,0.39925,1628,2170,0.75023,3532760,0.0,255.0,255.0,47.731122125476965,14.0,60.045085216791016,12.0,67.0,55.0,0.0,4.0,176.0,197.0,172.0,197.0,5.918815612792969,60.045085216791016,47.55908440136895,32.43356469162921,0.07690870594096401
P0035,P0035_02.jpg,P0035_02.jpg,.jpg,JPEG,L,1,8-bit,435676,425.465,0.41549,1628,2138,0.761459,3480664,0.0,255.0,255.0,50.978231452389544,16.0,58.065584127933334,12.0,79.0,67.0,0.0,3.0,174.0,198.0,171.0,198.0,6.401404857635498,58.065584127933334,49.31394604384377,27.058429081347697,0.07567521599327025
P0036,P0036_01.jpg,P0036_01.jpg,.jpg,JPEG,L,1,8-bit,1060968,1036.102,1.01182,2636,2451,1.075479,6460836,0.0,255.0,255.0,63.32835766145434,34.0,63.636084765960916,12.0,123.0,111.0,0.0,1.0,183.0,207.0,182.0,207.0,7.0987958908081055,63.636084765960916,59.53470867827742,25.65997651077972,0.06126142189648522
P0036,P0036_02.jpg,P0036_02.jpg,.jpg,JPEG,L,1,8-bit,486424,475.023,0.46389,2312,1331,1.73704,3077272,0.0,255.0,255.0,56.129679469348176,14.0,68.79898842564138,8.0,96.0,88.0,0.0,0.0,203.0,228.0,203.0,228.0,6.487880706787109,68.79898842564138,148.37922846204552,49.456174169849135,0.313654431587458
P0036,P0036_03.jpg,P0036_03.jpg,.jpg,JPEG,L,1,8-bit,492629,481.083,0.46981,2340,1267,1.846882,2964780,0.0,255.0,255.0,62.825864313709616,18.0,76.51212537450405,2.0,131.0,129.0,0.0,0.0,209.0,235.0,209.0,235.0,6.199855804443359,76.51212537450405,174.85793812334487,47.8244928797415,0.5559265780260255
P0037,P0037_01.jpg,P0037_01.jpg,.jpg,JPEG,L,1,8-bit,476036,464.879,0.45398,2152,1185,1.816034,2550120,0.0,255.0,255.0,63.09614018163851,3.0,80.99117655144163,0.0,143.0,143.0,0.0,0.0,212.0,243.0,212.0,243.0,5.471395492553711,80.99117655144163,423.9941282293345,52.90684359951688,1.0035998305962073
P0037,P0037_02.jpg,P0037_02.jpg,.jpg,JPEG,L,1,8-bit,373749,364.989,0.35643,1904,1121,1.698483,2134384,0.0,255.0,255.0,72.5367745447867,25.0,82.02856420210813,0.0,158.0,158.0,0.0,0.0,212.0,241.0,212.0,241.0,5.969851016998291,82.02856420210813,252.4905819872765,47.150747007099,0.8781924901985773
P0038,P0038_01.jpg,P0038_01.jpg,.jpg,JPEG,L,1,8-bit,644339,629.237,0.61449,2700,1748,1.544622,4719600,0.0,255.0,255.0,51.18935312314603,15.0,58.900152284594846,13.0,89.0,76.0,0.0,4.0,176.0,205.0,172.0,205.0,6.069915771484375,58.900152284594846,52.815156929742066,21.787799813543522,0.06602254428341385
P0038,P0038_02.jpg,P0038_02.jpg,.jpg,JPEG,L,1,8-bit,516031,503.937,0.49213,2580,1356,1.902655,3498480,0.0,255.0,255.0,54.53967208616314,13.0,61.83023387150875,10.0,100.0,90.0,0.0,4.0,181.0,208.0,177.0,208.0,6.340720176696777,61.83023387150875,61.94539077421248,47.00710022638403,0.07180261141981661
P0038,P0038_03.jpg,P0038_03.jpg,.jpg,JPEG,L,1,8-bit,1021406,997.467,0.97409,2336,2516,0.928458,5877376,0.0,255.0,255.0,71.36612801358974,33.0,68.81560230111336,9.0,143.0,134.0,0.0,0.0,182.0,203.0,182.0,203.0,7.029993057250977,68.81560230111336,87.99843840368452,30.757756522638672,0.012760796654833723
P0038,P0038_04.jpg,P0038_04.jpg,.jpg,JPEG,L,1,8-bit,652959,637.655,0.62271,2032,2439,0.833128,4956048,0.0,255.0,255.0,67.4717137525706,23.0,67.94978614167576,18.0,135.0,117.0,5.0,12.0,194.0,218.0,182.0,213.0,6.5032806396484375,67.94978614167576,58.71379572807318,6.430022469516033,0.09503539917288938
P0038,P0038_05.jpg,P0038_05.jpg,.jpg,JPEG,L,1,8-bit,550457,537.556,0.52496,1612,2439,0.660927,3931668,0.0,255.0,255.0,66.81930519057052,23.0,70.22617789064522,11.0,131.0,120.0,0.0,1.0,196.0,229.0,195.0,229.0,6.913497447967529,70.22617789064522,55.46857579417557,29.0633644549845,0.4770240010092409
P0039,P0039_01.jpg,P0039_01.jpg,.jpg,JPEG,L,1,8-bit,632334,617.514,0.60304,2032,2439,0.833128,4956048,0.0,255.0,255.0,38.52392168114594,9.0,61.81476698841761,6.0,29.0,23.0,0.0,0.0,190.0,212.0,190.0,212.0,5.544737339019775,61.81476698841761,75.61296672799871,69.85226938883562,0.06339728751618225
P0039,P0039_02.jpg,P0039_02.jpg,.jpg,JPEG,L,1,8-bit,681623,665.647,0.65005,2032,2439,0.833128,4956048,0.0,255.0,255.0,48.943561886406265,11.0,65.8209474928809,7.0,73.0,66.0,0.0,0.0,193.0,216.0,193.0,216.0,6.157134056091309,65.8209474928809,57.53086420488679,58.83728325472231,0.07768286344280766
P0040,P0040_01.jpg,P0040_01.jpg,.jpg,JPEG,L,1,8-bit,390484,381.332,0.37239,2252,1184,1.902027,2666368,0.0,255.0,255.0,55.77542634775095,13.0,60.94397938647488,10.0,99.0,89.0,0.0,3.0,179.0,205.0,176.0,205.0,6.503012657165527,60.94397938647488,70.75929432399573,47.77427571888052,0.10107382026787
P0041,P0041_01.jpg,P0041_01.jpg,.jpg,JPEG,L,1,8-bit,614806,600.396,0.58632,2440,1578,1.546261,3850320,0.0,255.0,255.0,46.667353362837375,10.0,57.6832900373312,8.0,79.0,71.0,0.0,0.0,172.0,202.0,172.0,202.0,6.196499824523926,57.6832900373312,90.13293033065165,55.573251054457806,0.23800619169315798
P0042,P0042_01.jpg,P0042_01.jpg,.jpg,JPEG,L,1,8-bit,399174,389.818,0.38068,2128,1228,1.732899,2613184,0.0,255.0,255.0,85.96316524209547,27.0,76.12990126694922,23.0,168.0,145.0,3.0,11.0,209.0,228.0,198.0,225.0,6.773641109466553,76.12990126694922,118.5730447181101,6.1203880017633665,0.20186102471161618
P0043,P0043_01.jpg,P0043_01.jpg,.jpg,JPEG,L,1,8-bit,522521,510.274,0.49831,1632,2487,0.656212,4058784,0.0,255.0,255.0,50.22822426618416,15.0,61.122448823337045,10.0,79.0,69.0,0.0,3.0,176.0,198.0,173.0,198.0,6.391224384307861,61.122448823337045,62.24210112163907,37.39233228474341,0.07526884899516702
P0043,P0043_02.jpg,P0043_02.jpg,.jpg,JPEG,L,1,8-bit,541231,528.546,0.51616,1456,2592,0.561728,3773952,0.0,255.0,255.0,71.53793079509225,21.0,68.60105421526332,16.0,142.0,126.0,0.0,7.0,191.0,212.0,184.0,212.0,6.6576361656188965,68.60105421526332,50.04889585453669,11.208277158797992,0.10315446513363179
P0044,P0044_01.jpg,P0044_01.jpg,.jpg,JPEG,L,1,8-bit,441691,431.339,0.42123,1472,2357,0.624523,3469504,0.0,255.0,255.0,54.056207169670365,17.0,62.46926804338518,14.0,89.0,75.0,0.0,6.0,181.0,204.0,175.0,204.0,6.146897315979004,62.46926804338518,42.499862089140066,17.200181928021987,0.07349753740015864
P0044,P0044_02.jpg,P0044_02.jpg,.jpg,JPEG,L,1,8-bit,469215,458.218,0.44748,1440,2431,0.592349,3500640,0.0,255.0,255.0,63.805385872297634,27.0,64.99388636981806,17.0,109.0,92.0,0.0,5.0,195.0,228.0,190.0,228.0,6.906232833862305,64.99388636981806,68.4461866638573,11.814125417066593,0.4134672517025458
P0044,P0044_03.jpg,P0044_03.jpg,.jpg,JPEG,L,1,8-bit,712934,696.225,0.67991,2032,2439,0.833128,4956048,0.0,255.0,255.0,41.09716350608388,15.0,55.506964248862985,12.0,34.0,22.0,0.0,4.0,173.0,201.0,169.0,201.0,5.647232532501221,55.506964248862985,155.9597568081596,25.719565266518806,0.06630282838261455
P0044,P0044_04.jpg,P0044_04.jpg,.jpg,JPEG,L,1,8-bit,699723,683.323,0.66731,2032,2439,0.833128,4956048,0.0,255.0,255.0,46.68320161548072,11.0,62.35911414784167,6.0,75.0,69.0,0.0,0.0,182.0,222.0,182.0,222.0,6.325106620788574,62.35911414784167,98.23421668685258,54.45356864985973,0.31424231565150296
P0045,P0045_01.jpg,P0045_01.jpg,.jpg,JPEG,L,1,8-bit,481092,469.816,0.45881,1516,2439,0.621566,3697524,0.0,255.0,255.0,54.86259291352808,17.0,63.487438509702706,13.0,95.0,82.0,0.0,7.0,182.0,206.0,175.0,206.0,6.315891265869141,63.487438509702706,48.46133453631912,22.837120191782393,0.07678111081902375
P0045,P0045_02.jpg,P0045_02.jpg,.jpg,JPEG,L,1,8-bit,464509,453.622,0.44299,1508,2439,0.618286,3678012,0.0,255.0,255.0,61.2190444185609,17.0,67.12360516140768,11.0,109.0,98.0,0.0,4.0,194.0,221.0,190.0,221.0,6.649238109588623,67.12360516140768,35.443995756769795,30.510313723826894,0.20171222932388475
P0046,P0046_01.jpg,P0046_01.jpg,.jpg,JPEG,L,1,8-bit,583212,569.543,0.55619,2440,1435,1.700348,3501400,0.0,255.0,255.0,50.629465927914545,11.0,59.70115853835941,8.0,95.0,87.0,0.0,1.0,170.0,199.0,169.0,199.0,6.311479091644287,59.70115853835941,116.17631255827814,54.59530473524876,0.2986234077797452
P0047,P0047_01.jpg,P0047_01.jpg,.jpg,JPEG,L,1,8-bit,437830,427.568,0.41755,2440,1242,1.964573,3030480,0.0,255.0,255.0,57.51884453947889,15.0,64.15549712517556,12.0,111.0,99.0,0.0,4.0,182.0,208.0,178.0,208.0,6.3599324226379395,64.15549712517556,136.59021435435523,34.96756289432697,0.12651461154668567
P0048,P0048_01.jpg,P0048_01.jpg,.jpg,JPEG,L,1,8-bit,508930,497.002,0.48535,1564,2439,0.641246,3814596,0.0,255.0,255.0,60.845309962051026,17.0,67.38368463469786,14.0,119.0,105.0,3.0,5.0,189.0,209.0,184.0,206.0,6.259798049926758,67.38368463469786,55.75082496402306,16.996085561878637,0.06228706788346655
P0048,P0048_02.jpg,P0048_02.jpg,.jpg,JPEG,L,1,8-bit,527975,515.601,0.50352,1796,2439,0.736367,4380444,0.0,255.0,255.0,63.47029250916117,3.0,82.0237543346461,0.0,150.0,150.0,0.0,0.0,210.0,231.0,210.0,231.0,5.588911056518555,82.0237543346461,57.022200054532824,57.402240503474076,0.2994901886658065
P0049,P0049_01.jpg,P0049_01.jpg,.jpg,JPEG,L,1,8-bit,597297,583.298,0.56963,2032,2439,0.833128,4956048,0.0,255.0,255.0,46.87454500037126,27.0,48.0829627390093,21.0,37.0,16.0,6.0,14.0,168.0,200.0,154.0,194.0,6.140849590301514,48.0829627390093,44.10482333011297,3.8300274735030815,0.06864340296946277
P0049,P0049_02.jpg,P0049_02.jpg,.jpg,JPEG,L,1,8-bit,629002,614.26,0.59986,2032,2439,0.833128,4956048,0.0,255.0,255.0,47.21303809002657,27.0,45.66336700365678,20.0,48.0,28.0,4.0,13.0,153.0,183.0,140.0,179.0,6.251317977905273,45.66336700365678,54.897238554276925,4.7277588917621465,0.06830038772828673
P0050,P0050_01.jpg,P0050_01.jpg,.jpg,JPEG,L,1,8-bit,449528,438.992,0.4287,2292,1169,1.96065,2679348,0.0,255.0,255.0,55.85745860560107,18.0,61.9250617228266,8.0,105.0,97.0,0.0,1.0,179.0,202.0,178.0,202.0,6.453956604003906,61.9250617228266,184.38242640440689,49.323268198084016,0.09733711335742874
P0050,P0050_02.jpg,P0050_02.jpg,.jpg,JPEG,L,1,8-bit,455884,445.199,0.43476,2344,1248,1.878205,2925312,0.0,255.0,255.0,53.48941412061346,11.0,61.387008688142366,7.0,101.0,94.0,0.0,0.0,176.0,199.0,176.0,199.0,6.462121963500977,61.387008688142366,185.10832908490045,51.25128533298329,0.10576649601820251
P0051,P0051_01.jpg,P0051_01.jpg,.jpg,JPEG,L,1,8-bit,493518,481.951,0.47066,1684,2444,0.689034,4115696,0.0,255.0,255.0,45.015893788073754,10.0,62.31078086317529,4.0,73.0,69.0,0.0,0.0,173.0,194.0,173.0,194.0,6.152726650238037,62.31078086317529,45.37613431552375,55.34033611811952,0.07077782226870012
P0051,P0051_02.jpg,P0051_02.jpg,.jpg,JPEG,L,1,8-bit,512116,500.113,0.48839,1604,2439,0.657647,3912156,0.0,255.0,255.0,58.67716727042582,15.0,64.00416382750932,11.0,119.0,108.0,0.0,3.0,177.0,198.0,174.0,198.0,6.462541580200195,64.00416382750932,50.11422941200824,40.01404851953757,0.0831255195344971
P0052,P0052_01.jpg,P0052_01.jpg,.jpg,JPEG,L,1,8-bit,597811,583.8,0.57012,2440,1473,1.656483,3594120,0.0,255.0,255.0,53.42412245556631,15.0,61.14013773902855,11.0,98.0,87.0,0.0,2.0,178.0,206.0,176.0,206.0,6.483393669128418,61.14013773902855,133.14024805213998,30.99598789133362,0.2846872113340679
P0053,P0053_01.jpg,P0053_01.jpg,.jpg,JPEG,L,1,8-bit,579492,565.91,0.55265,2032,2439,0.833128,4956048,0.0,255.0,255.0,57.472700022275816,34.0,53.14497220774118,31.0,41.0,10.0,13.0,23.0,188.0,219.0,165.0,206.0,5.6498870849609375,53.14497220774118,57.99458887773123,0.9286431446991636,0.1787714727540976
P0053,P0053_02.jpg,P0053_02.jpg,.jpg,JPEG,L,1,8-bit,631931,617.12,0.60266,2032,2439,0.833128,4956048,0.0,255.0,255.0,58.889410070281805,28.0,53.99848595859107,26.0,92.0,66.0,7.0,15.0,170.0,202.0,155.0,195.0,5.977800369262695,53.99848595859107,51.087111231683934,3.399846006334079,0.0985059063189057
P0054,P0054_01.jpg,P0054_01.jpg,.jpg,JPEG,L,1,8-bit,589560,575.742,0.56225,2440,1385,1.761733,3379400,0.0,255.0,255.0,56.654415872640115,16.0,63.93457346981442,12.0,103.0,91.0,0.0,2.0,188.0,210.0,186.0,210.0,6.646338939666748,63.93457346981442,149.89344185431122,28.30765816417116,0.293513641474818
P0054,P0054_02.jpg,P0054_02.jpg,.jpg,JPEG,L,1,8-bit,600701,586.622,0.57287,2440,1420,1.71831,3464800,0.0,255.0,255.0,54.10078821288386,13.0,62.762387216310564,10.0,98.0,88.0,0.0,2.0,184.0,208.0,182.0,208.0,6.480865001678467,62.762387216310564,133.87313136131067,44.12046871392288,0.30550103902101133
P0055,P0055_01.jpg,P0055_01.jpg,.jpg,JPEG,L,1,8-bit,560891,547.745,0.53491,2440,1435,1.700348,3501400,0.0,255.0,255.0,55.298565716570515,14.0,64.41635617112367,10.0,108.0,98.0,0.0,3.0,182.0,209.0,179.0,209.0,6.327322959899902,64.41635617112367,158.28270866107857,38.63637402181984,0.3122465299594448
P0056,P0056_01.jpg,P0056_01.jpg,.jpg,JPEG,L,1,8-bit,707294,690.717,0.67453,2032,2439,0.833128,4956048,0.0,255.0,255.0,54.601032112683335,26.0,59.73756085973501,21.0,44.0,23.0,6.0,15.0,189.0,216.0,174.0,210.0,6.044538497924805,59.73756085973501,225.27070455531214,3.317582880553215,0.25171265492182476
P0056,P0056_02.jpg,P0056_02.jpg,.jpg,JPEG,L,1,8-bit,690089,673.915,0.65812,2032,2439,0.833128,4956048,0.0,255.0,255.0,51.10625905963784,11.0,69.55707514593567,9.0,86.0,77.0,0.0,2.0,195.0,220.0,193.0,220.0,5.502313137054443,69.55707514593567,134.44815344734033,66.93924271919884,0.27334279248304294
P0057,P0057_01.jpg,P0057_01.jpg,.jpg,JPEG,L,1,8-bit,934974,913.061,0.89166,2636,2496,1.05609,6579456,0.0,255.0,255.0,54.25336623574958,15.0,64.11717060130925,8.0,108.0,100.0,0.0,1.0,177.0,198.0,176.0,198.0,6.527021884918213,64.11717060130925,58.88805775298574,44.628264099645925,0.044623750048636245
P0057,P0057_02.jpg,P0057_02.jpg,.jpg,JPEG,L,1,8-bit,458666,447.916,0.43742,1488,2315,0.642765,3444720,0.0,255.0,255.0,64.12628283285724,19.0,71.83716755508262,0.0,137.0,137.0,0.0,0.0,182.0,206.0,182.0,206.0,5.192459583282471,71.83716755508262,66.99956815309926,48.9935321303328,0.09942752966859425
P0057,P0057_03.jpg,P0057_03.jpg,.jpg,JPEG,L,1,8-bit,559431,546.319,0.53351,1604,2450,0.654694,3929800,0.0,255.0,255.0,90.33173113135528,48.0,69.24836208671647,35.0,151.0,116.0,14.0,21.0,216.0,247.0,195.0,233.0,7.316850662231445,69.24836208671647,65.5197408173783,0.5665173800193394,1.2595551936485319
P0058,P0058_01.jpg,P0058_01.jpg,.jpg,JPEG,L,1,8-bit,502745,490.962,0.47945,2004,2568,0.780374,5146272,0.0,255.0,255.0,46.47139949073815,14.0,64.8720954682001,0.0,71.0,71.0,0.0,0.0,183.0,205.0,183.0,205.0,5.45553731918335,64.8720954682001,22.04216644592435,43.382977036581046,0.04922009563427662
P0058,P0058_02.jpg,P0058_02.jpg,.jpg,JPEG,L,1,8-bit,520805,508.599,0.49668,2032,2439,0.833128,4956048,0.0,255.0,255.0,57.86508988613508,23.0,73.02845115663763,0.0,104.0,104.0,0.0,0.0,208.0,244.0,208.0,244.0,5.691714286804199,73.02845115663763,30.915855536508122,41.35339286463731,1.0663334979806491
P0059,P0059_01.jpg,P0059_01.jpg,.jpg,JPEG,L,1,8-bit,736322,719.064,0.70221,1844,2552,0.722571,4705888,0.0,255.0,255.0,64.67731106222672,12.0,78.2841970005817,11.0,153.0,142.0,0.0,4.0,206.0,225.0,202.0,225.0,5.7424092292785645,78.2841970005817,279.9675901282463,51.683146730223925,0.15661231206522552
P0059,P0059_02.jpg,P0059_02.jpg,.jpg,JPEG,L,1,8-bit,562726,549.537,0.53666,1928,2623,0.735036,5057144,0.0,255.0,255.0,41.37696336113822,5.0,68.9849777352177,3.0,36.0,33.0,0.0,0.0,194.0,216.0,194.0,216.0,5.067944049835205,68.9849777352177,104.39212139249162,70.86118172628662,0.06824009757285932
P0060,P0060_01.jpg,P0060_01.jpg,.jpg,JPEG,L,1,8-bit,689790,673.623,0.65784,2032,2439,0.833128,4956048,0.0,255.0,255.0,43.88172935371086,14.0,61.42927300728594,7.0,41.0,34.0,0.0,2.0,184.0,208.0,182.0,208.0,6.229045867919922,61.42927300728594,217.07604004899883,45.61521599467963,0.06662566625666257
P0060,P0060_02.jpg,P0060_02.jpg,.jpg,JPEG,L,1,8-bit,655618,640.252,0.62525,2032,2439,0.833128,4956048,0.0,255.0,255.0,37.84062624090808,10.0,58.44371973598622,6.0,30.0,24.0,0.0,0.0,184.0,207.0,184.0,207.0,5.937621593475342,58.44371973598622,198.03266598255846,58.263055563626494,0.014083802255345388
P0061,P0061_01.jpg,P0061_01.jpg,.jpg,JPEG,L,1,8-bit,997025,973.657,0.95084,2440,2032,1.200787,4958080,0.0,255.0,255.0,88.5494050116174,42.0,81.42339352430643,20.0,175.0,155.0,2.0,10.0,226.0,250.0,216.0,248.0,7.163150787353516,81.42339352430643,323.75163286727815,7.505485994578547,1.90426536078482
P0062,P0062_01.jpg,P0062_01.jpg,.jpg,JPEG,L,1,8-bit,608959,594.687,0.58075,2032,2439,0.833128,4956048,0.0,255.0,255.0,49.95954215939797,24.0,54.79369504005994,20.0,37.0,17.0,3.0,12.0,178.0,203.0,166.0,200.0,6.075138092041016,54.79369504005994,54.40370999440385,5.054692771337162,0.06301391754075021
P0062,P0062_02.jpg,P0062_02.jpg,.jpg,JPEG,L,1,8-bit,675012,659.191,0.64374,2032,2439,0.833128,4956048,0.0,240.0,240.0,54.160582181609215,22.0,54.414827142303736,19.0,94.0,75.0,0.0,10.0,166.0,184.0,156.0,184.0,6.327125072479248,54.414827142303736,50.021958403573066,7.477207646092208,0.002340574586848231
P0062,P0062_03.jpg,P0062_03.jpg,.jpg,JPEG,L,1,8-bit,551907,538.972,0.52634,2032,2439,0.833128,4956048,0.0,255.0,255.0,41.826094904649835,17.0,54.21144569777186,12.0,29.0,17.0,0.0,6.0,170.0,194.0,164.0,194.0,6.065485000610352,54.21144569777186,41.47622221499763,30.17020819814497,0.049454726830732876
P0062,P0062_04.jpg,P0062_04.jpg,.jpg,JPEG,L,1,8-bit,583832,570.148,0.55679,2032,2439,0.833128,4956048,0.0,255.0,255.0,45.55509470449035,12.0,62.53488926253916,8.0,64.0,56.0,0.0,1.0,189.0,216.0,188.0,216.0,6.144125461578369,62.53488926253916,48.77262470662567,51.60504902293117,0.06426491430268634
P0063,P0063_01.jpg,P0063_01.jpg,.jpg,JPEG,L,1,8-bit,1289020,1258.809,1.22931,2880,1701,1.693122,4898880,0.0,255.0,255.0,88.14020837415899,41.0,81.75823567092127,15.0,172.0,157.0,0.0,6.0,220.0,246.0,214.0,246.0,7.1872429847717285,81.75823567092127,760.1740486861769,20.026883695865177,1.308013260173754
P0063,P0063_02.jpg,P0063_02.jpg,.jpg,JPEG,L,1,8-bit,651631,636.358,0.62144,2316,2960,0.782432,6855360,0.0,255.0,255.0,28.157704774074592,0.0,55.937542503761236,0.0,10.0,10.0,0.0,0.0,166.0,195.0,166.0,195.0,3.665963649749756,55.937542503761236,55.15886249120499,75.27686365121599,0.04053762311534333
P0063,P0063_03.jpg,P0063_03.jpg,.jpg,JPEG,L,1,8-bit,764253,746.341,0.72885,2256,3042,0.741617,6862752,0.0,255.0,255.0,34.047959040338334,12.0,48.5625038355532,10.0,29.0,19.0,0.0,2.0,157.0,192.0,155.0,192.0,5.354346752166748,48.5625038355532,29.140908244463215,61.97120338896116,0.04327709933274581
P0064,P0064_01.jpg,P0064_01.jpg,.jpg,JPEG,L,1,8-bit,434455,424.272,0.41433,2032,2439,0.833128,4956048,0.0,255.0,255.0,33.09367806768619,11.0,55.68684905529133,0.0,20.0,20.0,0.0,0.0,172.0,199.0,172.0,199.0,4.935376167297363,55.68684905529133,41.91538629282891,55.25000968513623,0.07128663806323102
P0064,P0064_02.jpg,P0064_02.jpg,.jpg,JPEG,L,1,8-bit,442744,432.367,0.42223,2032,2439,0.833128,4956048,0.0,255.0,255.0,33.4387582606141,11.0,53.94029923573068,0.0,25.0,25.0,0.0,0.0,165.0,194.0,165.0,194.0,4.984816074371338,53.94029923573068,36.36756395739765,59.1872596875575,0.06632300574974254
P0065,P0065_01.jpg,P0065_01.jpg,.jpg,JPEG,L,1,8-bit,685285,669.224,0.65354,2440,1462,1.668947,3567280,0.0,255.0,255.0,84.9229600704178,39.0,81.68081121327779,16.0,169.0,153.0,2.0,8.0,225.0,250.0,217.0,248.0,6.817270755767822,81.68081121327779,331.1856271681913,11.068489157004777,1.8432531228274767
P0065,P0065_02.jpg,P0065_02.jpg,.jpg,JPEG,L,1,8-bit,534734,522.201,0.50996,2440,1295,1.88417,3159800,0.0,255.0,255.0,57.67365434521172,16.0,69.70994547686155,6.0,105.0,99.0,0.0,0.0,197.0,225.0,197.0,225.0,6.502474784851074,69.70994547686155,221.2266477926918,48.161719096145326,0.2743528071396924
P0066,P0066_01.jpg,P0066_01.jpg,.jpg,JPEG,L,1,8-bit,642964,627.895,0.61318,2032,2439,0.833128,4956048,0.0,255.0,255.0,50.63078565825028,23.0,57.51581275369273,14.0,59.0,45.0,0.0,7.0,174.0,196.0,167.0,196.0,6.4744343757629395,57.51581275369273,64.08863905357043,17.594623780883477,0.05205760719024514
P0066,P0066_02.jpg,P0066_02.jpg,.jpg,JPEG,L,1,8-bit,670410,654.697,0.63935,2032,2439,0.833128,4956048,0.0,255.0,255.0,59.60883248104135,22.0,73.58967478012212,9.0,116.0,107.0,0.0,0.0,206.0,230.0,206.0,230.0,6.740666389465332,73.58967478012212,51.739464287438715,33.900256817528806,0.283956087592372
P0067,P0067_01.jpg,P0067_01.jpg,.jpg,JPEG,L,1,8-bit,609665,595.376,0.58142,1792,2331,0.768769,4177152,0.0,255.0,255.0,80.05855472819759,56.0,56.260761799638715,37.0,110.0,73.0,20.0,28.0,193.0,220.0,165.0,200.0,7.135754585266113,56.260761799638715,79.9758361254945,0.23398717595146165,0.2285767910767911
P0067,P0067_02.jpg,P0067_02.jpg,.jpg,JPEG,L,1,8-bit,627205,612.505,0.59815,2032,2439,0.833128,4956048,0.0,255.0,255.0,60.7399084916046,26.0,62.18258915524599,21.0,89.0,68.0,7.0,15.0,191.0,217.0,176.0,210.0,6.5005412101745605,62.18258915524599,61.02145961810353,3.360681736738627,0.18813377110149054
P0068,P0068_01.jpg,P0068_01.jpg,.jpg,JPEG,L,1,8-bit,589002,575.197,0.56172,2420,1544,1.567358,3736480,0.0,255.0,255.0,69.62107652121783,26.0,73.58258452101538,12.0,139.0,127.0,0.0,4.0,207.0,236.0,203.0,236.0,6.837240219116211,73.58258452101538,104.24069062050879,32.84018648567636,0.622377210636749
P0069,P0069_01.jpg,P0069_01.jpg,.jpg,JPEG,L,1,8-bit,446355,435.894,0.42568,1320,2374,0.556024,3133680,0.0,255.0,255.0,95.68378934671058,58.0,61.123946979029526,53.0,156.0,103.0,27.0,40.0,208.0,232.0,168.0,205.0,6.6236419677734375,61.123946979029526,95.15338745443216,0.1227311020908325,0.3701079880523857
P0069,P0069_02.jpg,P0069_02.jpg,.jpg,JPEG,L,1,8-bit,550359,537.46,0.52486,1456,2379,0.612022,3463824,0.0,255.0,255.0,90.2905647053661,52.0,65.78980634595989,41.0,159.0,118.0,19.0,30.0,210.0,229.0,180.0,210.0,6.8433613777160645,65.78980634595989,128.79989771386238,0.31130334566652346,0.22082530752139834
P0069,P0069_03.jpg,P0069_03.jpg,.jpg,JPEG,L,1,8-bit,557606,544.537,0.53177,1592,2353,0.676583,3745976,0.0,255.0,255.0,76.59166636411979,33.0,68.18451903129382,29.0,147.0,118.0,10.0,20.0,203.0,226.0,183.0,216.0,6.4373016357421875,68.18451903129382,127.29761621332315,1.5736619775460388,0.2574762892234227
P0069,P0069_04.jpg,P0069_04.jpg,.jpg,JPEG,L,1,8-bit,483400,472.07,0.46101,1604,2143,0.748483,3437372,0.0,255.0,255.0,67.0718086375289,25.0,68.87011711629441,19.0,130.0,111.0,3.0,12.0,199.0,216.0,187.0,213.0,6.512922286987305,68.87011711629441,101.27496875545512,6.106060094746801,0.0976036344044229
P0069,P0069_05.jpg,P0069_05.jpg,.jpg,JPEG,L,1,8-bit,435298,425.096,0.41513,2440,1344,1.815476,3279360,0.0,255.0,255.0,63.097266539812644,22.0,65.87243183811029,16.0,116.0,100.0,1.0,8.0,192.0,217.0,184.0,216.0,6.554660797119141,65.87243183811029,104.86892959732522,11.65803693403591,0.10511197306791568
P0069,P0069_06.jpg,P0069_06.jpg,.jpg,JPEG,L,1,8-bit,385199,376.171,0.36735,2192,1280,1.7125,2805760,0.0,255.0,255.0,60.24352154140055,16.0,63.883112149450504,13.0,111.0,98.0,0.0,6.0,186.0,211.0,180.0,211.0,6.318736553192139,63.883112149450504,84.11150465913242,17.39008325729927,0.09227446395985402
P0070,P0070_01.jpg,P0070_01.jpg,.jpg,JPEG,L,1,8-bit,556205,543.169,0.53044,2032,2439,0.833128,4956048,0.0,255.0,255.0,45.0918984239055,15.0,58.691348549125806,13.0,45.0,32.0,0.0,6.0,177.0,200.0,171.0,200.0,5.4085516929626465,58.691348549125806,47.25711736867637,19.377072215604045,0.047800182726236706
P0070,P0070_02.jpg,P0070_02.jpg,.jpg,JPEG,L,1,8-bit,595701,581.739,0.5681,2032,2439,0.833128,4956048,0.0,255.0,255.0,54.92007200091686,17.0,68.81915416339281,15.0,82.0,67.0,0.0,6.0,202.0,225.0,196.0,225.0,5.703778266906738,68.81915416339281,46.86009727675052,14.15851904582038,0.1785696990828176
P0071,P0071_01.jpg,P0071_01.jpg,.jpg,JPEG,L,1,8-bit,521301,509.083,0.49715,2544,1461,1.741273,3716784,0.0,255.0,255.0,54.20045743847369,13.0,60.591038732639674,11.0,94.0,83.0,3.0,4.0,180.0,204.0,176.0,201.0,6.167923927307129,60.591038732639674,86.44015073250533,49.015869633532645,0.08539640721656142
P0072,P0072_01.jpg,P0072_01.jpg,.jpg,JPEG,L,1,8-bit,688092,671.965,0.65622,2032,2439,0.833128,4956048,0.0,255.0,255.0,58.61633180308181,33.0,63.46808279976772,10.0,83.0,73.0,0.0,1.0,193.0,224.0,192.0,224.0,7.126376628875732,63.46808279976772,73.90989667780671,29.61886164137232,0.263516414691706
P0072,P0072_02.jpg,P0072_02.jpg,.jpg,JPEG,L,1,8-bit,505019,493.183,0.48162,2032,2439,0.833128,4956048,0.0,255.0,255.0,42.2550528162762,13.0,60.466716591193055,6.0,49.0,43.0,0.0,0.0,183.0,215.0,183.0,215.0,6.2588629722595215,60.466716591193055,41.41443042120735,48.19842342124209,0.192492082401139
P0073,P0073_01.jpg,P0073_01.jpg,.jpg,JPEG,L,1,8-bit,787697,769.235,0.75121,2516,1782,1.411897,4483512,0.0,255.0,255.0,54.6862600122404,16.0,67.33029925471428,8.0,90.0,82.0,0.0,0.0,199.0,232.0,199.0,232.0,6.427984237670898,67.33029925471428,158.65260626125882,47.11438265359834,0.46679924130904527
P0073,P0073_02.jpg,P0073_02.jpg,.jpg,JPEG,L,1,8-bit,645142,630.021,0.61526,2032,2511,0.809239,5102352,0.0,255.0,255.0,41.42478586346061,7.0,65.252765172266,5.0,43.0,38.0,0.0,0.0,190.0,212.0,190.0,212.0,5.109306335449219,65.252765172266,213.17694204736702,68.36331558465587,0.07786605079382998
P0073,P0073_03.jpg,P0073_03.jpg,.jpg,JPEG,L,1,8-bit,693641,677.384,0.66151,2032,2439,0.833128,4956048,0.0,255.0,255.0,49.53630150474733,8.0,68.14457146603927,6.0,80.0,74.0,0.0,0.0,192.0,212.0,192.0,212.0,5.617829322814941,68.14457146603927,142.56623807949853,61.613769681003895,0.06531413739334244
P0074,P0074_01.jpg,P0074_01.jpg,.jpg,JPEG,L,1,8-bit,580701,567.091,0.5538,2032,2438,0.83347,4954016,0.0,255.0,255.0,59.2535877962445,29.0,59.37038860530812,22.0,61.0,39.0,8.0,16.0,190.0,214.0,174.0,206.0,6.465202808380127,59.37038860530812,59.79688983908651,2.6131526422199687,0.07325369962470851
P0074,P0074_02.jpg,P0074_02.jpg,.jpg,JPEG,L,1,8-bit,602703,588.577,0.57478,2032,2439,0.833128,4956048,0.0,255.0,255.0,48.99405473877574,10.0,72.72113474038584,0.0,90.0,90.0,0.0,0.0,211.0,252.0,211.0,252.0,5.507994651794434,72.72113474038584,67.79621969636524,53.67904023528425,1.5555539413661854
P0075,P0075_01.jpg,P0075_01.jpg,.jpg,JPEG,L,1,8-bit,986118,963.006,0.94044,2848,2439,1.167692,6946272,0.0,255.0,255.0,58.18465977145726,23.0,64.35186719233792,17.0,87.0,70.0,6.0,9.0,193.0,217.0,184.0,211.0,6.524013519287109,64.35186719233792,64.48047724971768,9.901023167535046,0.09733278512560406
P0076,P0076_01.jpg,P0076_01.jpg,.jpg,JPEG,L,1,8-bit,479144,467.914,0.45695,1792,2409,0.743877,4316928,0.0,255.0,255.0,44.26266201335765,17.0,55.88344622581213,15.0,41.0,26.0,0.0,8.0,175.0,204.0,167.0,204.0,5.789078235626221,55.88344622581213,48.68969382546915,14.269499051177133,0.06421232876712328
P0076,P0076_02.jpg,P0076_02.jpg,.jpg,JPEG,L,1,8-bit,494029,482.45,0.47114,1640,2488,0.659164,4080320,0.0,255.0,255.0,59.588949641204614,21.0,64.78817302350804,17.0,101.0,84.0,0.0,7.0,193.0,224.0,186.0,224.0,6.536341667175293,64.78817302350804,52.38322872491678,11.787506862206886,0.3561240294878833
P0077,P0077_01.jpg,P0077_01.jpg,.jpg,JPEG,L,1,8-bit,491809,480.282,0.46903,1744,2472,0.705502,4311168,0.0,255.0,255.0,47.744415434517975,17.0,58.834020429840855,11.0,66.0,55.0,0.0,5.0,175.0,199.0,170.0,199.0,6.346944332122803,58.834020429840855,45.51719350693038,32.123174044713636,0.06086517621210771
P0077,P0077_02.jpg,P0077_02.jpg,.jpg,JPEG,L,1,8-bit,467867,456.901,0.44619,1800,2338,0.769889,4208400,0.0,255.0,255.0,49.4100244748598,16.0,61.30508773403803,13.0,71.0,58.0,0.0,1.0,187.0,215.0,186.0,215.0,6.096208572387695,61.30508773403803,49.74632158493718,21.439953426480372,0.17324874061401008
P0078,P0078_01.jpg,P0078_01.jpg,.jpg,JPEG,L,1,8-bit,370821,362.13,0.35364,2232,1146,1.947644,2557872,0.0,255.0,255.0,53.55130006505408,6.0,64.72412868573853,3.0,110.0,107.0,0.0,0.0,177.0,205.0,177.0,205.0,6.093234062194824,64.72412868573853,92.726005639977,51.99685519838365,0.09844120425103367
P0078,P0078_02.jpg,P0078_02.jpg,.jpg,JPEG,L,1,8-bit,379089,370.204,0.36153,2232,1152,1.9375,2571264,0.0,255.0,255.0,57.29033619262744,12.0,63.993144675129855,8.0,111.0,103.0,0.0,1.0,182.0,209.0,181.0,209.0,6.476352691650391,63.993144675129855,107.26449151542141,51.598668981481474,0.12165223018717641
P0079,P0079_01.jpg,P0079_01.jpg,.jpg,JPEG,L,1,8-bit,1102593,1076.751,1.05151,2848,2570,1.108171,7319360,0.0,255.0,255.0,52.15389965789359,13.0,63.232306131020586,8.0,103.0,95.0,0.0,0.0,174.0,194.0,174.0,194.0,6.363894462585449,63.232306131020586,77.59678742762031,48.84317754557775,0.042257793031084685
P0079,P0079_02.jpg,P0079_02.jpg,.jpg,JPEG,L,1,8-bit,740546,723.189,0.70624,2032,2439,0.833128,4956048,0.0,255.0,255.0,83.94292670288908,51.0,59.30422601910677,47.0,108.0,61.0,28.0,36.0,212.0,244.0,176.0,216.0,6.440212726593018,59.30422601910677,127.4348009284056,0.09015247632791289,1.0937141851733478
P0079,P0079_03.jpg,P0079_03.jpg,.jpg,JPEG,L,1,8-bit,663247,647.702,0.63252,2032,2439,0.833128,4956048,0.0,255.0,255.0,64.43315056674189,19.0,73.50018544511728,13.0,130.0,117.0,0.0,5.0,204.0,225.0,199.0,225.0,6.540846347808838,73.50018544511728,56.58863475071626,24.47682104773804,0.01674721471624165
P0080,P0080_01.jpg,P0080_01.jpg,.jpg,JPEG,L,1,8-bit,685094,669.037,0.65336,2032,2438,0.83347,4954016,0.0,255.0,255.0,70.69508960003358,39.0,59.70867889984104,31.0,108.0,77.0,12.0,23.0,190.0,214.0,167.0,202.0,6.555231094360352,59.70867889984104,82.1984661946285,1.0071828593205996,0.03439633622499402
P0080,P0080_02.jpg,P0080_02.jpg,.jpg,JPEG,L,1,8-bit,568215,554.897,0.54189,2032,2438,0.83347,4954016,0.0,252.0,252.0,43.79943504421463,13.0,56.256491310862586,11.0,58.0,47.0,0.0,3.0,170.0,196.0,167.0,196.0,5.910429000854492,56.256491310862586,48.5433552081588,44.7176795553345,0.001978193045803647
P0080,P0080_03.jpg,P0080_03.jpg,.jpg,JPEG,L,1,8-bit,714549,697.802,0.68145,2032,2439,0.833128,4956048,0.0,255.0,255.0,40.64861054614483,10.0,56.903851810451634,8.0,51.0,43.0,0.0,0.0,169.0,196.0,169.0,196.0,5.593465805053711,56.903851810451634,179.93406439937272,66.62205450794666,0.06943032028745484
P0080,P0080_04.jpg,P0080_04.jpg,.jpg,JPEG,L,1,8-bit,649082,633.869,0.61901,2032,2439,0.833128,4956048,0.0,255.0,255.0,38.956488314883146,6.0,56.329779755658706,4.0,60.0,56.0,0.0,0.0,161.0,186.0,161.0,186.0,5.492844104766846,56.329779755658706,75.23624377285705,64.07627609740665,0.06600016787569452
P0080,P0080_05.jpg,P0080_05.jpg,.jpg,JPEG,L,1,8-bit,650477,635.231,0.62034,2032,2439,0.833128,4956048,0.0,255.0,255.0,59.97156928262196,27.0,60.86800601132534,24.0,85.0,61.0,5.0,15.0,185.0,209.0,170.0,204.0,6.03788948059082,60.86800601132534,78.37457265190862,3.3948420192863344,0.07538264359021543
P0080,P0080_06.jpg,P0080_06.jpg,.jpg,JPEG,L,1,8-bit,588809,575.009,0.56153,2032,2439,0.833128,4956048,0.0,255.0,255.0,56.5319893996184,21.0,63.32618617623379,18.0,93.0,75.0,1.0,10.0,187.0,211.0,177.0,210.0,5.960448265075684,63.32618617623379,53.15581054041132,7.588808663677188,0.07318331057326322
P0081,P0081_01.jpg,P0081_01.jpg,.jpg,JPEG,L,1,8-bit,559400,546.289,0.53349,2032,2439,0.833128,4956048,0.0,255.0,255.0,34.16957846251691,7.0,59.078529180074916,5.0,23.0,18.0,0.0,0.0,186.0,209.0,186.0,209.0,5.184948921203613,59.078529180074916,57.73841741952396,70.67494100137853,0.0637806574916143
P0081,P0081_02.jpg,P0081_02.jpg,.jpg,JPEG,L,1,8-bit,586007,572.272,0.55886,2032,2439,0.833128,4956048,0.0,255.0,255.0,35.17155382675874,7.0,56.79120153078585,5.0,30.0,25.0,0.0,0.0,179.0,209.0,179.0,209.0,5.532111167907715,56.79120153078585,46.48399630681433,66.18957282092506,0.05952323302760587
P0082,P0082_01.jpg,P0082_01.jpg,.jpg,JPEG,L,1,8-bit,489627,478.151,0.46694,1712,2495,0.686172,4271440,0.0,255.0,255.0,46.211815687449665,17.0,58.75697509803498,9.0,55.0,46.0,0.0,1.0,175.0,200.0,174.0,200.0,6.492983341217041,58.75697509803498,36.222543311744296,40.09647800273444,0.0574279399921338
P0082,P0082_02.jpg,P0082_02.jpg,.jpg,JPEG,L,1,8-bit,460484,449.691,0.43915,1488,2439,0.610086,3629232,0.0,255.0,255.0,64.11900782314275,28.0,64.92142725637372,16.0,109.0,93.0,0.0,6.0,195.0,222.0,189.0,222.0,7.016373634338379,64.92142725637372,38.6492476860223,15.178968993991015,0.1889104912554502
P0083,P0083_01.jpg,P0083_01.jpg,.jpg,JPEG,L,1,8-bit,517656,505.523,0.49368,1432,2439,0.587126,3492648,0.0,255.0,255.0,75.69597222508538,27.0,71.4552023855672,21.0,149.0,128.0,4.0,14.0,202.0,221.0,188.0,217.0,6.702507495880127,71.4552023855672,142.03133105272673,4.26636179769619,0.13439659536260165
P0083,P0083_02.jpg,P0083_02.jpg,.jpg,JPEG,L,1,8-bit,537229,524.638,0.51234,1692,2439,0.693727,4126788,0.0,255.0,255.0,54.80791259449237,8.0,71.34889690827545,6.0,104.0,98.0,0.0,0.0,195.0,212.0,195.0,212.0,6.040901184082031,71.34889690827545,54.74147440855609,57.62954142543789,0.09348675047034158
P0084,P0084_01.jpg,P0084_01.jpg,.jpg,JPEG,L,1,8-bit,629692,614.934,0.60052,2032,2439,0.833128,4956048,0.0,255.0,255.0,62.962272560717736,27.0,66.68100272966599,24.0,81.0,57.0,10.0,14.0,209.0,234.0,195.0,224.0,6.094762802124023,66.68100272966599,73.64339326051976,3.703999638421581,0.5118392719360264
P0084,P0084_02.jpg,P0084_02.jpg,.jpg,JPEG,L,1,8-bit,510237,498.278,0.4866,2032,2439,0.833128,4956048,0.0,255.0,255.0,37.73728603919898,0.0,65.2578695495976,0.0,47.0,47.0,0.0,0.0,199.0,241.0,199.0,241.0,4.043979167938232,65.2578695495976,79.81430072393538,63.348216159326945,0.9181307364254744
P0085,P0085_01.jpg,P0085_01.jpg,.jpg,JPEG,L,1,8-bit,429676,419.605,0.40977,1588,2228,0.712747,3538064,0.0,255.0,255.0,47.49705177746926,18.0,58.48734431866553,12.0,58.0,46.0,0.0,5.0,175.0,199.0,170.0,199.0,6.392058372497559,58.48734431866553,55.97771225033048,28.149123362381236,0.08917306187790837
P0085,P0085_02.jpg,P0085_02.jpg,.jpg,JPEG,L,1,8-bit,474368,463.25,0.45239,1756,2143,0.819412,3763108,0.0,255.0,255.0,57.495976729873284,20.0,61.99506444008369,15.0,104.0,89.0,2.0,8.0,180.0,204.0,172.0,202.0,6.481042861938477,61.99506444008369,55.11440120100836,13.178016681955448,0.08360110844546582
P0086,P0086_01.jpg,P0086_01.jpg,.jpg,JPEG,L,1,8-bit,671129,655.399,0.64004,2032,2439,0.833128,4956048,0.0,255.0,255.0,47.716103032093315,24.0,52.82431703880209,20.0,40.0,20.0,2.0,11.0,175.0,204.0,164.0,202.0,5.889268398284912,52.82431703880209,84.3572491853041,6.017496198584033,0.07526157938744742
P0086,P0086_02.jpg,P0086_02.jpg,.jpg,JPEG,L,1,8-bit,814646,795.553,0.77691,2032,2439,0.833128,4956048,0.0,255.0,255.0,51.58983912181642,21.0,55.4364679189069,17.0,84.0,67.0,0.0,6.0,169.0,196.0,163.0,196.0,6.380868434906006,55.4364679189069,105.59668191159341,12.596104799630673,0.06888553137499878
P0087,P0087_01.jpg,P0087_01.jpg,.jpg,JPEG,L,1,8-bit,541226,528.541,0.51615,2324,1405,1.654093,3265220,0.0,255.0,255.0,48.219959757688606,15.0,63.03888836910903,5.0,77.0,72.0,0.0,0.0,188.0,225.0,188.0,225.0,6.370426177978516,63.03888836910903,202.62513352940212,48.043531523143926,0.32677736875310087
P0087,P0087_02.jpg,P0087_02.jpg,.jpg,JPEG,L,1,8-bit,574014,560.561,0.54742,2368,1526,1.551769,3613568,0.0,255.0,255.0,44.6551411236761,16.0,56.683664169426486,7.0,69.0,62.0,0.0,0.0,170.0,223.0,170.0,223.0,6.379694938659668,56.683664169426486,164.27510188182404,48.36482944281109,0.3130424001983635
P0088,P0088_01.jpg,P0088_01.jpg,.jpg,JPEG,L,1,8-bit,553511,540.538,0.52787,1828,2439,0.749487,4458492,0.0,255.0,255.0,45.96068424032161,16.0,58.636717109335365,10.0,59.0,49.0,0.0,4.0,175.0,197.0,171.0,197.0,6.235416412353516,58.636717109335365,63.519155785432666,38.57847002977689,0.060177297615426915
P0088,P0088_02.jpg,P0088_02.jpg,.jpg,JPEG,L,1,8-bit,507795,495.894,0.48427,1672,2439,0.685527,4078008,0.0,255.0,255.0,60.99543085741862,17.0,70.7488287927725,10.0,113.0,103.0,0.0,0.0,201.0,230.0,201.0,230.0,6.787886619567871,70.7488287927725,50.02437837140801,33.25432417003596,0.4864384768249596
P0089,P0089_01.jpg,P0089_01.jpg,.jpg,JPEG,L,1,8-bit,424332,414.387,0.40467,2140,1289,1.660202,2758460,0.0,255.0,255.0,62.67432009164534,14.0,64.25121069222052,11.0,118.0,107.0,0.0,3.0,182.0,206.0,179.0,206.0,6.467977523803711,64.25121069222052,144.7084540247143,43.9295113940387,0.12173459103992808
P0090,P0090_01.jpg,P0090_01.jpg,.jpg,JPEG,L,1,8-bit,526662,514.318,0.50226,2440,1371,1.779723,3345240,0.0,255.0,255.0,62.68031112864847,23.0,63.00045765219856,13.0,121.0,108.0,0.0,3.0,179.0,202.0,176.0,202.0,6.598363876342773,63.00045765219856,70.76131092753499,22.44900216426923,0.08056223170833782
P0090,P0090_02.jpg,P0090_02.jpg,.jpg,JPEG,L,1,8-bit,518350,506.201,0.49434,2440,1324,1.8429,3230560,0.0,255.0,255.0,62.1783118097172,29.0,62.80344332128259,10.0,120.0,110.0,0.0,3.0,177.0,201.0,174.0,201.0,6.450659275054932,62.80344332128259,78.145060777751,46.84816254766975,0.10168515675300877
P0091,P0091_01.jpg,P0091_01.jpg,.jpg,JPEG,L,1,8-bit,585849,572.118,0.55871,2032,2439,0.833128,4956048,0.0,255.0,255.0,45.70259045110136,14.0,60.50841376301536,10.0,59.0,49.0,0.0,0.0,177.0,202.0,177.0,202.0,6.022745132446289,60.50841376301536,50.85625291633684,35.48422049181122,0.05744496421342166
P0091,P0091_02.jpg,P0091_02.jpg,.jpg,JPEG,L,1,8-bit,613416,599.039,0.585,2032,2439,0.833128,4956048,0.0,255.0,255.0,51.8744443153093,14.0,67.55100532961156,12.0,74.0,62.0,0.0,4.0,200.0,225.0,196.0,225.0,5.910677909851074,67.55100532961156,54.87184397842249,30.05788079534339,0.2587747334166255
P0092,P0092_01.jpg,P0092_01.jpg,.jpg,JPEG,L,1,8-bit,612206,597.857,0.58385,2032,2439,0.833128,4956048,0.0,255.0,255.0,60.57911182458281,24.0,63.89292086267692,21.0,104.0,83.0,3.0,13.0,189.0,211.0,176.0,208.0,6.08856201171875,63.89292086267692,51.25255293667698,4.997610999732045,0.06813896879126272
P0092,P0092_02.jpg,P0092_02.jpg,.jpg,JPEG,L,1,8-bit,671868,656.121,0.64074,2032,2439,0.833128,4956048,0.0,255.0,255.0,91.08928101584165,54.0,64.29290575523184,48.0,144.0,96.0,10.0,27.0,213.0,241.0,186.0,231.0,6.8742523193359375,64.29290575523184,63.875347463935256,1.3379208595235559,0.9253945885915552
P0093,P0093_01.jpg,P0093_01.jpg,.jpg,JPEG,L,1,8-bit,919658,898.104,0.87705,2280,2444,0.932897,5572320,0.0,255.0,255.0,52.30458982972981,16.0,60.95286184546525,12.0,82.0,70.0,0.0,2.0,182.0,211.0,180.0,211.0,6.584209442138672,60.95286184546525,106.01582342218639,29.695405145433142,0.028515950268469866
P0093,P0093_02.jpg,P0093_02.jpg,.jpg,JPEG,L,1,8-bit,470962,459.924,0.44914,1628,2187,0.744399,3560436,0.0,255.0,255.0,49.643214763585135,17.0,57.03759485991712,13.0,71.0,58.0,0.0,5.0,174.0,202.0,169.0,202.0,6.398212432861328,57.03759485991712,51.47959484693021,21.414399809461536,0.10771152746461388
P0093,P0093_03.jpg,P0093_03.jpg,.jpg,JPEG,L,1,8-bit,573221,559.786,0.54667,2032,2439,0.833128,4956048,0.0,255.0,255.0,33.15408849954641,10.0,51.652961977088495,7.0,29.0,22.0,0.0,0.0,166.0,202.0,166.0,202.0,5.789701461791992,51.652961977088495,45.11718488710288,63.93582144482862,0.06037068244698195
P0094,P0094_01.jpg,P0094_01.jpg,.jpg,JPEG,L,1,8-bit,706237,689.685,0.67352,2032,2439,0.833128,4956048,0.0,255.0,255.0,45.7615507355861,6.0,71.97879856846336,0.0,57.0,57.0,0.0,0.0,199.0,225.0,199.0,225.0,5.587897300720215,71.97879856846336,287.4336137982873,63.0847400993695,0.30167181593075776
P0094,P0094_02.jpg,P0094_02.jpg,.jpg,JPEG,L,1,8-bit,501195,489.448,0.47798,1640,2439,0.672407,3999960,0.0,255.0,255.0,53.40627131271313,6.0,70.84382825625003,4.0,105.0,101.0,0.0,0.0,194.0,217.0,194.0,217.0,5.935831546783447,70.84382825625003,58.27835955579422,58.98238982389824,0.25777757777577776
P0095,P0095_01.jpg,P0095_01.jpg,.jpg,JPEG,L,1,8-bit,403372,393.918,0.38469,2440,1301,1.87548,3174440,0.0,255.0,255.0,65.3119372235733,1.0,76.8996492605221,0.0,150.0,150.0,0.0,0.0,190.0,208.0,190.0,208.0,4.778185844421387,76.8996492605221,126.78939041407757,52.124752712289414,0.04523632514711256
P0096,P0096_01.jpg,P0096_01.jpg,.jpg,JPEG,L,1,8-bit,737389,720.106,0.70323,2440,1939,1.258381,4731160,0.0,255.0,255.0,73.88845885575631,33.0,72.07927439801908,19.0,134.0,115.0,1.0,7.0,214.0,244.0,207.0,243.0,7.251812934875488,72.07927439801908,101.75791853896922,11.19566871549472,1.1034925895552041
P0096,P0096_02.jpg,P0096_02.jpg,.jpg,JPEG,L,1,8-bit,608905,594.634,0.5807,2032,2439,0.833128,4956048,0.0,255.0,255.0,46.36563608746324,12.0,66.27546753734111,9.0,49.0,40.0,0.0,2.0,197.0,218.0,195.0,218.0,5.875175476074219,66.27546753734111,48.73349366955084,50.19638631425685,0.10340900653101018
P0096,P0096_03.jpg,P0096_03.jpg,.jpg,JPEG,L,1,8-bit,614084,599.691,0.58564,2032,2439,0.833128,4956048,0.0,255.0,255.0,61.7114894770995,31.0,57.29899202241654,29.0,68.0,39.0,27.0,27.0,200.0,229.0,173.0,202.0,5.399237155914307,57.29899202241654,53.917575327787794,0.09021300842929689,0.3422686785922977
P0097,P0097_01.jpg,P0097_01.jpg,.jpg,JPEG,L,1,8-bit,641403,626.37,0.61169,2440,1736,1.40553,4235840,0.0,255.0,255.0,74.5477671489008,26.0,75.48983662895354,18.0,144.0,126.0,3.0,10.0,219.0,246.0,209.0,243.0,6.994656562805176,75.48983662895354,104.04588956728482,9.302003852836746,1.3176135075923547
P0098,P0098_01.jpg,P0098_01.jpg,.jpg,JPEG,L,1,8-bit,589732,575.91,0.56241,2676,1256,2.130573,3361056,0.0,255.0,255.0,77.31057143945236,25.0,81.02232673742373,13.0,162.0,149.0,0.0,5.0,221.0,247.0,216.0,247.0,6.754134654998779,81.02232673742373,268.8747468136081,23.44870183656565,1.3794176592118668
P0098,P0098_02.jpg,P0098_02.jpg,.jpg,JPEG,L,1,8-bit,609549,595.263,0.58131,2712,1217,2.228431,3300504,0.0,255.0,255.0,82.12282002991059,31.0,81.8572882751395,13.0,167.0,154.0,0.0,6.0,223.0,250.0,217.0,250.0,6.9018731117248535,81.8572882751395,271.36698110293514,19.60140027098892,1.709042012977412
P0099,P0099_01.jpg,P0099_01.jpg,.jpg,JPEG,L,1,8-bit,583005,569.341,0.556,2032,2439,0.833128,4956048,0.0,255.0,255.0,54.33094554370741,17.0,69.4486335859422,13.0,76.0,63.0,0.0,6.0,202.0,225.0,196.0,225.0,6.091118335723877,69.4486335859422,38.39044762770369,22.108845596329978,0.19513531749490723
P0099,P0099_02.jpg,P0099_02.jpg,.jpg,JPEG,L,1,8-bit,592008,578.133,0.56458,2032,2439,0.833128,4956048,0.0,255.0,255.0,38.83745274460619,9.0,58.49513100081045,7.0,42.0,35.0,0.0,0.0,180.0,209.0,180.0,209.0,5.658588409423828,58.49513100081045,40.18078187264824,66.47647480411813,0.07233586115388713
P0100,P0100_01.jpg,P0100_01.jpg,.jpg,JPEG,L,1,8-bit,957397,934.958,0.91304,2120,2715,0.780847,5755800,0.0,255.0,255.0,72.83628374856666,45.0,70.56617852894236,17.0,127.0,110.0,0.0,3.0,208.0,232.0,205.0,232.0,7.354550361633301,70.56617852894236,161.70303567573183,19.630598700441293,0.38811286007157997
P0100,P0100_02.jpg,P0100_02.jpg,.jpg,JPEG,L,1,8-bit,805663,786.78,0.76834,2048,2674,0.765894,5476352,0.0,255.0,255.0,60.74010710049318,18.0,71.31259644589117,10.0,123.0,113.0,0.0,4.0,197.0,217.0,193.0,217.0,6.607945442199707,71.31259644589117,137.9948052451055,35.16972612425205,0.09254335732984292
P0101,P0101_01.jpg,P0101_01.jpg,.jpg,JPEG,L,1,8-bit,612555,598.198,0.58418,2032,2439,0.833128,4956048,0.0,255.0,255.0,42.2490480318189,17.0,54.85400998544799,15.0,26.0,11.0,0.0,8.0,177.0,207.0,169.0,207.0,5.733450412750244,54.85400998544799,53.342324972637506,15.106189447721249,0.11002718294899484
P0101,P0101_02.jpg,P0101_02.jpg,.jpg,JPEG,L,1,8-bit,579619,566.034,0.55277,2032,2439,0.833128,4956048,0.0,255.0,255.0,35.791776835091184,11.0,52.08327546691704,9.0,33.0,24.0,0.0,1.0,165.0,196.0,164.0,196.0,5.565343379974365,52.08327546691704,40.17602999448951,66.00991354401732,0.08874006062895275
P0102,P0102_01.jpg,P0102_01.jpg,.jpg,JPEG,L,1,8-bit,1195164,1167.152,1.1398,2800,2444,1.145663,6843200,0.0,255.0,255.0,61.82783230067805,23.0,66.74888922605922,18.0,92.0,74.0,7.0,10.0,204.0,232.0,194.0,225.0,6.510913848876953,66.74888922605922,153.52283272414186,8.40225333177461,0.46314589665653494
P0103,P0103_01.jpg,P0103_01.jpg,.jpg,JPEG,L,1,8-bit,344674,336.596,0.32871,2176,1108,1.963899,2411008,0.0,255.0,255.0,50.86547950069017,14.0,58.168899859160476,9.0,93.0,84.0,0.0,0.0,172.0,202.0,172.0,202.0,6.563901901245117,58.168899859160476,92.9335455309382,38.593691933000635,0.13508872637502653
P0104,P0104_01.jpg,P0104_01.jpg,.jpg,JPEG,L,1,8-bit,688300,672.168,0.65641,2032,2439,0.833128,4956048,0.0,255.0,255.0,50.001163830535944,23.0,58.06593330834239,18.0,46.0,28.0,1.0,9.0,184.0,210.0,175.0,209.0,6.040654182434082,58.06593330834239,99.68568420721067,9.298860705142484,0.08781190174106465
P0104,P0104_02.jpg,P0104_02.jpg,.jpg,JPEG,L,1,8-bit,639852,624.855,0.61021,2032,2439,0.833128,4956048,0.0,255.0,255.0,45.0055852969947,17.0,55.599988955273574,13.0,54.0,41.0,0.0,5.0,172.0,198.0,167.0,198.0,6.078571319580078,55.599988955273574,51.86082143068131,22.485476331141264,0.06710992306773461
P0105,P0105_01.jpg,P0105_01.jpg,.jpg,JPEG,L,1,8-bit,472127,461.062,0.45026,1612,2439,0.660927,3931668,0.0,255.0,255.0,38.44484681819523,16.0,49.33745151192673,12.0,43.0,31.0,0.0,3.0,164.0,191.0,161.0,191.0,6.141357421875,49.33745151192673,38.53546996577703,28.6675528045603,0.08467144224792124
P0105,P0105_02.jpg,P0105_02.jpg,.jpg,JPEG,L,1,8-bit,475556,464.41,0.45353,1648,2439,0.675687,4019472,0.0,255.0,255.0,37.76706318640856,19.0,37.59062904378609,15.0,48.0,33.0,9.0,9.0,124.0,159.0,115.0,150.0,5.907125949859619,37.59062904378609,35.34684221849357,15.882309915332163,0.08511068120389942
P0106,P0106_01.jpg,P0106_01.jpg,.jpg,JPEG,L,1,8-bit,753007,735.358,0.71812,2032,2439,0.833128,4956048,0.0,255.0,255.0,45.49205536346702,14.0,59.47052953919792,11.0,59.0,48.0,0.0,2.0,178.0,206.0,176.0,206.0,5.90924072265625,59.47052953919792,221.0060498374396,37.69237101819837,0.07891368283761578
P0106,P0106_02.jpg,P0106_02.jpg,.jpg,JPEG,L,1,8-bit,569782,556.428,0.54339,1816,2439,0.744567,4429224,0.0,255.0,255.0,35.44834083803393,3.0,52.81691975386661,0.0,54.0,54.0,0.0,0.0,153.0,179.0,153.0,179.0,5.356926441192627,52.81691975386661,62.01338446505611,58.848728355124955,0.07141205773291213
P0106,P0106_03.jpg,P0106_03.jpg,.jpg,JPEG,L,1,8-bit,673083,657.308,0.6419,2112,2547,0.829211,5379264,0.0,255.0,255.0,52.16833139254738,24.0,56.153298249418015,18.0,65.0,47.0,1.0,10.0,175.0,199.0,165.0,198.0,6.279656887054443,56.153298249418015,49.13352902412208,6.923735291668153,0.061067833815183645
P0106,P0106_04.jpg,P0106_04.jpg,.jpg,JPEG,L,1,8-bit,691564,675.355,0.65953,2212,2592,0.853395,5733504,0.0,255.0,255.0,43.04758189756212,20.0,46.69627735694107,17.0,46.0,29.0,0.0,9.0,152.0,177.0,143.0,177.0,5.931931495666504,46.69627735694107,51.16741320486745,8.504241036545888,0.059893565958966805
P0107,P0107_01.jpg,P0107_01.jpg,.jpg,JPEG,L,1,8-bit,586815,573.062,0.55963,1800,2488,0.723473,4478400,0.0,255.0,255.0,51.01790594855306,16.0,64.00753869198212,9.0,80.0,71.0,0.0,0.0,186.0,212.0,186.0,212.0,6.4965105056762695,64.00753869198212,54.81786148124744,40.89857984994641,0.10278224365844946
P0107,P0107_02.jpg,P0107_02.jpg,.jpg,JPEG,L,1,8-bit,623887,609.265,0.59499,1776,2455,0.723422,4360080,0.0,255.0,255.0,56.088371084934224,18.0,70.65760982370125,11.0,87.0,76.0,0.0,3.0,205.0,230.0,202.0,230.0,6.515464782714844,70.65760982370125,96.79824888414979,31.91881800333939,0.3595805581548962
P0108,P0108_01.jpg,P0108_01.jpg,.jpg,JPEG,L,1,8-bit,547190,534.365,0.52184,2032,2439,0.833128,4956048,0.0,255.0,255.0,42.442073603806904,14.0,58.24880466516609,11.0,36.0,25.0,0.0,1.0,176.0,200.0,175.0,200.0,5.787013530731201,58.24880466516609,77.56705903690838,34.00590551181102,0.05242079979854916
P0108,P0108_02.jpg,P0108_02.jpg,.jpg,JPEG,L,1,8-bit,543759,531.015,0.51857,2032,2439,0.833128,4956048,0.0,255.0,255.0,33.884588688406566,8.0,53.26549325088197,6.0,34.0,28.0,0.0,0.0,169.0,212.0,169.0,212.0,5.5205841064453125,53.26549325088197,81.1059387571728,67.76596998253447,0.05558864643764548
P0109,P0109_01.jpg,P0109_01.jpg,.jpg,JPEG,L,1,8-bit,657162,641.76,0.62672,2032,2439,0.833128,4956048,0.0,255.0,255.0,47.783933892488534,13.0,67.53660317131957,10.0,49.0,39.0,0.0,1.0,199.0,221.0,198.0,221.0,5.876321792602539,67.53660317131957,94.11597751651034,44.734776580049264,0.10272297604865813
P0109,P0109_02.jpg,P0109_02.jpg,.jpg,JPEG,L,1,8-bit,618729,604.228,0.59007,2032,2439,0.833128,4956048,0.0,255.0,255.0,33.29677719021285,6.0,54.96212607765533,4.0,32.0,28.0,0.0,0.0,172.0,204.0,172.0,204.0,5.498433589935303,54.96212607765533,59.43939265757466,66.4833754636759,0.05589130694456551
P0110,P0110_01.jpg,P0110_01.jpg,.jpg,JPEG,L,1,8-bit,835058,815.486,0.79637,2508,2373,1.05689,5951484,0.0,255.0,255.0,51.78880981617358,17.0,64.0872953965031,8.0,92.0,84.0,0.0,1.0,183.0,207.0,182.0,207.0,6.4991302490234375,64.0872953965031,54.92991986918745,41.23544648696023,0.06062353523927814
P0110,P0110_02.jpg,P0110_02.jpg,.jpg,JPEG,L,1,8-bit,409480,399.883,0.39051,2152,1178,1.826825,2535056,0.0,255.0,255.0,46.23056374297057,14.0,55.53334211798218,8.0,76.0,68.0,0.0,1.0,163.0,221.0,162.0,221.0,6.511570930480957,55.53334211798218,170.98783293196425,48.5437402566255,0.31099904696385405
P0110,P0110_03.jpg,P0110_03.jpg,.jpg,JPEG,L,1,8-bit,373062,364.318,0.35578,2144,1124,1.907473,2409856,0.0,255.0,255.0,48.601127204281084,14.0,61.717359420563845,6.0,81.0,75.0,0.0,0.0,182.0,224.0,182.0,224.0,6.461698532104492,61.717359420563845,293.79197038922626,49.0404405906411,0.38201452700908267
P0111,P0111_01.jpg,P0111_01.jpg,.jpg,JPEG,L,1,8-bit,800943,782.171,0.76384,2236,2738,0.816654,6122168,0.0,255.0,255.0,43.53680460908619,20.0,51.078085570402266,18.0,36.0,18.0,0.0,9.0,169.0,197.0,160.0,197.0,5.599732398986816,51.078085570402266,79.60077107723653,8.937128154601442,0.0553725412304922
P0111,P0111_02.jpg,P0111_02.jpg,.jpg,JPEG,L,1,8-bit,917341,895.841,0.87484,2204,2717,0.811189,5988268,0.0,255.0,255.0,44.5474709882724,14.0,53.41790435160296,12.0,75.0,63.0,0.0,1.0,159.0,184.0,158.0,184.0,6.0275678634643555,53.41790435160296,94.41752867853693,31.604881411453196,0.052836646589631595
P0112,P0112_01.jpg,P0112_01.jpg,.jpg,JPEG,L,1,8-bit,506686,494.811,0.48321,2184,1292,1.690402,2821728,0.0,255.0,255.0,66.91926330248698,25.0,73.68014801688928,9.0,129.0,120.0,0.0,1.0,208.0,240.0,207.0,240.0,6.940299034118652,73.68014801688928,159.21435847740216,37.7651212306785,0.7954700098662946
P0112,P0112_02.jpg,P0112_02.jpg,.jpg,JPEG,L,1,8-bit,536392,523.82,0.51154,2204,1309,1.683728,2885036,0.0,255.0,255.0,70.14026376100679,31.0,75.52487337997316,9.0,133.0,124.0,0.0,1.0,212.0,236.0,211.0,236.0,6.950197219848633,75.52487337997316,142.7298632943636,42.65669475181592,0.6044638611095321
P0113,P0113_01.jpg,P0113_01.jpg,.jpg,JPEG,L,1,8-bit,483280,471.953,0.46089,1540,2464,0.625,3794560,0.0,255.0,255.0,58.15284697039973,12.0,76.65070834787028,8.0,112.0,104.0,0.0,3.0,211.0,230.0,208.0,230.0,6.1140217781066895,76.65070834787028,62.570846232684566,54.7916754511722,0.279057387417777
P0113,P0113_02.jpg,P0113_02.jpg,.jpg,JPEG,L,1,8-bit,463180,452.324,0.44172,1616,2361,0.684456,3815376,0.0,255.0,255.0,41.86659768263993,7.0,63.323805769663345,5.0,48.0,43.0,0.0,0.0,187.0,212.0,187.0,212.0,5.758470058441162,63.323805769663345,48.03029688789098,62.44341317867492,0.07771186902680104
P0114,P0114_01.jpg,P0114_01.jpg,.jpg,JPEG,L,1,8-bit,618164,603.676,0.58953,2032,2439,0.833128,4956048,0.0,255.0,255.0,44.74765438107137,8.0,68.65510661315017,2.0,54.0,52.0,0.0,0.0,192.0,216.0,192.0,216.0,5.860788345336914,68.65510661315017,223.96082583685325,59.56996380987432,0.21180182274263687
P0114,P0114_02.jpg,P0114_02.jpg,.jpg,JPEG,L,1,8-bit,610831,596.515,0.58253,2032,2439,0.833128,4956048,0.0,255.0,255.0,50.67521420292943,7.0,69.31502529749102,5.0,97.0,92.0,0.0,0.0,190.0,209.0,190.0,209.0,5.8842267990112305,69.31502529749102,79.25380724847882,61.186978011512394,0.21549428092706124
P0115,P0115_01.jpg,P0115_01.jpg,.jpg,JPEG,L,1,8-bit,572111,558.702,0.54561,1864,2439,0.764248,4546296,0.0,255.0,255.0,69.0710180331417,33.0,67.59841649022614,29.0,90.0,61.0,10.0,20.0,218.0,252.0,198.0,242.0,6.351961135864258,67.59841649022614,62.00022801053578,1.5404848254491128,1.7074779116889882
P0115,P0115_02.jpg,P0115_02.jpg,.jpg,JPEG,L,1,8-bit,542801,530.079,0.51766,1808,2439,0.741287,4409712,0.0,255.0,255.0,53.71972001799664,23.0,54.303543101469494,20.0,90.0,70.0,1.0,10.0,165.0,196.0,155.0,195.0,5.89649772644043,54.303543101469494,48.58878630826618,6.611837689173352,0.07274851509577043
P0116,P0116_01.jpg,P0116_01.jpg,.jpg,JPEG,L,1,8-bit,506908,495.027,0.48343,2032,2439,0.833128,4956048,0.0,255.0,255.0,35.386933903787856,4.0,63.73015334709341,3.0,16.0,13.0,0.0,0.0,191.0,213.0,191.0,213.0,4.985738754272461,63.73015334709341,123.2503800493904,74.56580323677252,0.09499504443863335
P0116,P0116_02.jpg,P0116_02.jpg,.jpg,JPEG,L,1,8-bit,579808,566.219,0.55295,2032,2439,0.833128,4956048,0.0,255.0,255.0,49.22730510277544,7.0,71.05749712917063,6.0,78.0,72.0,0.0,1.0,197.0,218.0,196.0,218.0,5.540987968444824,71.05749712917063,104.87136220348268,66.12508595558396,0.11539436260504336
P0117,P0117_01.jpg,P0117_01.jpg,.jpg,JPEG,L,1,8-bit,581253,567.63,0.55433,2560,1260,2.031746,3225600,0.0,255.0,255.0,62.214626736111114,25.0,64.9603757141129,12.0,117.0,105.0,0.0,2.0,188.0,208.0,186.0,208.0,6.689068794250488,64.9603757141129,129.6108566673157,27.026599702380956,0.1087549603174603
P0118,P0118_01.jpg,P0118_01.jpg,.jpg,JPEG,L,1,8-bit,613643,599.261,0.58522,2032,2439,0.833128,4956048,0.0,255.0,255.0,49.14360050588695,13.0,68.49202405250811,11.0,53.0,42.0,0.0,3.0,201.0,224.0,198.0,224.0,5.818342208862305,68.49202405250811,59.73534124011266,41.349982889592674,0.22445303193189414
P0118,P0118_02.jpg,P0118_02.jpg,.jpg,JPEG,L,1,8-bit,631648,616.844,0.60239,2032,2439,0.833128,4956048,0.0,255.0,255.0,54.863849785151395,13.0,70.02655896886945,10.0,96.0,86.0,0.0,1.0,196.0,220.0,195.0,220.0,6.198429107666016,70.02655896886945,45.30708956251234,49.8309540182016,0.21537321672429324
P0119,P0119_01.jpg,P0119_01.jpg,.jpg,JPEG,L,1,8-bit,405679,396.171,0.38689,1180,2400,0.491667,2832000,0.0,255.0,255.0,65.90821080508475,21.0,68.8215909705132,15.0,137.0,122.0,0.0,7.0,191.0,212.0,184.0,212.0,6.625766754150391,68.8215909705132,72.28706431740561,13.958156779661016,0.09975282485875706
P0119,P0119_02.jpg,P0119_02.jpg,.jpg,JPEG,L,1,8-bit,412824,403.148,0.3937,1184,2439,0.485445,2887776,0.0,255.0,255.0,75.36558756634864,28.0,69.85421543654078,21.0,142.0,121.0,0.0,8.0,203.0,227.0,195.0,227.0,7.046205997467041,69.85421543654078,54.13916201379367,9.979132730516495,0.29888052258900966
P0120,P0120_01.jpg,P0120_01.jpg,.jpg,JPEG,L,1,8-bit,583340,569.668,0.55632,2032,2439,0.833128,4956048,0.0,255.0,255.0,46.615885883268284,23.0,51.55597110829798,19.0,36.0,17.0,3.0,12.0,170.0,198.0,158.0,195.0,6.029674530029297,51.55597110829798,45.678815143548384,5.573150219691173,0.0637806574916143
P0120,P0120_02.jpg,P0120_02.jpg,.jpg,JPEG,L,1,8-bit,615475,601.05,0.58696,2032,2439,0.833128,4956048,0.0,255.0,255.0,53.97588522145064,25.0,52.50211570602036,19.0,91.0,72.0,2.0,11.0,161.0,186.0,150.0,184.0,6.415663719177246,52.50211570602036,39.29254660888159,6.117717181108819,0.06420438220130233
P0121,P0121_01.jpg,P0121_01.jpg,.jpg,JPEG,L,1,8-bit,745496,728.023,0.71096,2032,2439,0.833128,4956048,0.0,255.0,255.0,68.14478189073229,32.0,70.20208542123048,18.0,120.0,102.0,4.0,10.0,205.0,228.0,195.0,224.0,6.958292484283447,70.20208542123048,252.89165946468472,8.789079524653514,0.36761145170506826
P0121,P0121_02.jpg,P0121_02.jpg,.jpg,JPEG,L,1,8-bit,774147,756.003,0.73828,2032,2439,0.833128,4956048,0.0,255.0,255.0,89.88941854477599,49.0,74.50557485099078,25.0,170.0,145.0,11.0,17.0,212.0,233.0,195.0,222.0,7.190107345581055,74.50557485099078,90.82817171119812,1.6931434078120307,0.4659357617198219
P0122,P0122_01.jpg,P0122_01.jpg,.jpg,JPEG,L,1,8-bit,411745,402.095,0.39267,1628,2032,0.801181,3308096,0.0,255.0,255.0,49.505799710770184,18.0,59.18578430450175,15.0,66.0,51.0,0.0,7.0,178.0,201.0,171.0,201.0,5.97153377532959,59.18578430450175,56.435495766063674,15.179819449012363,0.11199795894677786
P0122,P0122_02.jpg,P0122_02.jpg,.jpg,JPEG,L,1,8-bit,407067,397.526,0.38821,1628,2032,0.801181,3308096,0.0,255.0,255.0,49.809147316160114,15.0,58.70479313527052,13.0,76.0,63.0,0.0,5.0,174.0,196.0,169.0,196.0,6.053911209106445,58.70479313527052,49.722151943820805,24.24077173092921,0.10268746735282168
P0122,P0122_03.jpg,P0122_03.jpg,.jpg,JPEG,L,1,8-bit,599549,585.497,0.57177,2032,2439,0.833128,4956048,0.0,255.0,255.0,39.35034083608553,16.0,52.44844142811944,13.0,21.0,8.0,0.0,7.0,168.0,195.0,161.0,195.0,5.552613735198975,52.44844142811944,70.35428366135163,19.500678766630188,0.06737222884039865
P0122,P0122_04.jpg,P0122_04.jpg,.jpg,JPEG,L,1,8-bit,588078,574.295,0.56083,2032,2439,0.833128,4956048,0.0,255.0,255.0,40.53862896404554,15.0,52.52650129195998,12.0,46.0,34.0,0.0,4.0,164.0,195.0,160.0,195.0,5.856448650360107,52.52650129195998,33.51138056903214,31.220500689258863,0.06499129951929442
P0123,P0123_01.jpg,P0123_01.jpg,.jpg,JPEG,L,1,8-bit,994981,971.661,0.94889,2700,2473,1.091791,6677100,0.0,255.0,255.0,62.17399709454703,25.0,64.14471169014291,15.0,123.0,108.0,0.0,6.0,183.0,203.0,177.0,203.0,6.820806503295898,64.14471169014291,61.14819317482334,16.507031495709214,0.03923859160413952
P0123,P0123_02.jpg,P0123_02.jpg,.jpg,JPEG,L,1,8-bit,621589,607.021,0.59279,2032,2439,0.833128,4956048,0.0,255.0,255.0,36.84416716706537,12.0,49.36470553690582,8.0,48.0,40.0,0.0,0.0,149.0,177.0,149.0,177.0,5.962155342102051,49.36470553690582,47.71000836204999,52.50897489289853,0.0640026085300223
P0123,P0123_03.jpg,P0123_03.jpg,.jpg,JPEG,L,1,8-bit,638879,623.905,0.60928,2032,2439,0.833128,4956048,0.0,255.0,255.0,65.23315290731648,32.0,66.81296880000454,21.0,97.0,76.0,5.0,13.0,205.0,228.0,192.0,223.0,6.812355041503906,66.81296880000454,52.174742836933106,4.808246409235746,0.19844440570389957
P0124,P0124_01.jpg,P0124_01.jpg,.jpg,JPEG,L,1,8-bit,539225,526.587,0.51425,2032,2439,0.833128,4956048,0.0,255.0,255.0,44.17999623893877,12.0,62.77295726126268,10.0,44.0,34.0,0.0,3.0,186.0,207.0,183.0,207.0,5.6015496253967285,62.77295726126268,106.71037682817953,56.46390026892395,0.2039730042969721
P0124,P0124_02.jpg,P0124_02.jpg,.jpg,JPEG,L,1,8-bit,526845,514.497,0.50244,2032,2439,0.833128,4956048,0.0,255.0,255.0,49.522192480783076,8.0,70.07059617873848,6.0,79.0,73.0,2.0,2.0,198.0,223.0,196.0,221.0,5.664460182189941,70.07059617873848,52.04754827029762,65.22979599874739,0.3066959803456302
P0124,P0124_03.jpg,P0124_03.jpg,.jpg,JPEG,L,1,8-bit,667064,651.43,0.63616,2440,2032,1.200787,4958080,0.0,255.0,255.0,53.08034884471408,13.0,63.11114679882095,10.0,105.0,95.0,0.0,2.0,180.0,203.0,178.0,203.0,6.056882858276367,63.11114679882095,117.46731242522972,45.05316574157738,0.20013795662837228
P0125,P0125_01.jpg,P0125_01.jpg,.jpg,JPEG,L,1,8-bit,722434,705.502,0.68897,2032,2439,0.833128,4956048,0.0,255.0,255.0,46.95321958140841,10.0,66.07378704614143,5.0,90.0,85.0,0.0,0.0,181.0,206.0,181.0,206.0,5.831297874450684,66.07378704614143,141.03129094083906,57.73231009869154,0.05060483675702899
P0125,P0125_02.jpg,P0125_02.jpg,.jpg,JPEG,L,1,8-bit,555184,542.172,0.52946,2032,2439,0.833128,4956048,0.0,255.0,255.0,46.38901762049117,12.0,65.33276074334388,8.0,68.0,60.0,0.0,0.0,187.0,216.0,187.0,216.0,5.950101852416992,65.33276074334388,57.71533579727688,53.046096405845944,0.2424512434100719
P0126,P0126_01.jpg,P0126_01.jpg,.jpg,JPEG,L,1,8-bit,533701,521.192,0.50898,2032,2439,0.833128,4956048,0.0,255.0,255.0,35.94588853860979,7.0,57.520617350847004,4.0,22.0,18.0,0.0,0.0,170.0,195.0,170.0,195.0,5.666068077087402,57.520617350847004,40.102584482893526,63.31014146755641,0.04505606079682844
P0126,P0126_02.jpg,P0126_02.jpg,.jpg,JPEG,L,1,8-bit,700274,683.861,0.66783,2032,2439,0.833128,4956048,0.0,255.0,255.0,96.76467338492283,61.0,63.3581385529322,57.0,146.0,89.0,31.0,45.0,224.0,246.0,179.0,215.0,6.515933990478516,63.3581385529322,76.9006335950617,0.09313872666285718,1.449501699741407
P0127,P0127_01.jpg,P0127_01.jpg,.jpg,JPEG,L,1,8-bit,443801,433.399,0.42324,2440,2032,1.200787,4958080,0.0,246.0,246.0,51.755651986252744,0.0,71.98427236126933,0.0,126.0,126.0,0.0,0.0,183.0,204.0,183.0,204.0,3.863030433654785,71.98427236126933,159.89171903536135,61.78018507164064,0.03906754227442881
P0128,P0128_01.jpg,P0128_01.jpg,.jpg,JPEG,L,1,8-bit,626787,612.097,0.59775,2032,2439,0.833128,4956048,0.0,255.0,255.0,43.92526605876295,15.0,60.01763184416867,12.0,33.0,21.0,0.0,2.0,183.0,210.0,181.0,210.0,5.872139930725098,60.01763184416867,99.6776122567173,31.313578883820337,0.1278236207558926
P0128,P0128_02.jpg,P0128_02.jpg,.jpg,JPEG,L,1,8-bit,623478,608.865,0.59459,2032,2439,0.833128,4956048,0.0,255.0,255.0,52.446455926173435,12.0,68.90361574069594,10.0,99.0,89.0,0.0,0.0,192.0,218.0,192.0,218.0,5.7627387046813965,68.90361574069594,84.53438194798028,50.490895164857164,0.21848053126200553
P0129,P0129_01.jpg,P0129_01.jpg,.jpg,JPEG,L,1,8-bit,471177,460.134,0.44935,2436,1426,1.708275,3473736,0.0,255.0,255.0,47.266559980378474,14.0,58.20711697672532,11.0,76.0,65.0,0.0,3.0,176.0,206.0,173.0,206.0,6.134522438049316,58.20711697672532,122.90351570731362,39.49554600579894,0.07668976571622023
P0130,P0130_01.jpg,P0130_01.jpg,.jpg,JPEG,L,1,8-bit,582830,569.17,0.55583,2444,1532,1.5953,3744208,0.0,255.0,255.0,46.3950378825108,14.0,57.352728998110436,10.0,75.0,65.0,0.0,2.0,174.0,202.0,172.0,202.0,6.285983562469482,57.352728998110436,107.11482689617469,38.60138111985232,0.08832308461495729
P0131,P0131_01.jpg,P0131_01.jpg,.jpg,JPEG,L,1,8-bit,654144,638.812,0.62384,2032,2439,0.833128,4956048,0.0,255.0,255.0,55.60569328626357,31.0,58.999363423951664,19.0,48.0,29.0,7.0,13.0,193.0,216.0,180.0,209.0,6.597775459289551,58.999363423951664,128.63090808869148,4.841337291325669,0.10994647348048284
P0131,P0131_02.jpg,P0131_02.jpg,.jpg,JPEG,L,1,8-bit,605258,591.072,0.57722,2032,2439,0.833128,4956048,0.0,255.0,255.0,44.8933127766317,12.0,63.58440876698587,10.0,45.0,35.0,0.0,4.0,190.0,214.0,186.0,214.0,5.665887832641602,63.58440876698587,104.33223754990527,51.6911054937321,0.09354227400541722
P0132,P0132_01.jpg,P0132_01.jpg,.jpg,JPEG,L,1,8-bit,706575,690.015,0.67384,2560,1774,1.443067,4541440,0.0,255.0,255.0,41.31380311090756,12.0,51.97101652216102,8.0,65.0,57.0,0.0,1.0,157.0,193.0,156.0,193.0,6.122234344482422,51.97101652216102,83.71863659238498,55.99629192502819,0.06889885146561443
P0133,P0133_01.jpg,P0133_01.jpg,.jpg,JPEG,L,1,8-bit,756462,738.732,0.72142,2032,2439,0.833128,4956048,0.0,255.0,255.0,70.47204829331758,36.0,62.4911171397728,33.0,94.0,61.0,13.0,23.0,198.0,217.0,175.0,204.0,6.155796051025391,62.4911171397728,253.55128361013834,0.9189378311105947,0.10691986841128254
P0133,P0133_02.jpg,P0133_02.jpg,.jpg,JPEG,L,1,8-bit,768059,750.058,0.73248,2032,2439,0.833128,4956048,0.0,255.0,255.0,60.925304597534165,15.0,72.29660903759226,12.0,140.0,128.0,0.0,3.0,192.0,211.0,189.0,211.0,5.979852676391602,72.29660903759226,204.26394704208315,26.902463414397925,0.0772389613659916
P0134,P0134_01.jpg,P0134_01.jpg,.jpg,JPEG,L,1,8-bit,572395,558.979,0.54588,2372,1707,1.389572,4049004,0.0,255.0,255.0,54.74200297159499,6.0,69.06911782467832,3.0,114.0,111.0,0.0,0.0,188.0,215.0,188.0,215.0,5.922846794128418,69.06911782467832,93.74924104971862,55.64291860418019,0.28844130556551684
P0135,P0135_01.jpg,P0135_01.jpg,.jpg,JPEG,L,1,8-bit,610830,596.514,0.58253,1964,2604,0.754224,5114256,0.0,255.0,255.0,48.05180655798224,14.0,65.78431524190046,12.0,45.0,33.0,0.0,6.0,199.0,222.0,193.0,222.0,5.712000370025635,65.78431524190046,49.12748753112049,33.44502113308368,0.193732969174793
P0135,P0135_02.jpg,P0135_02.jpg,.jpg,JPEG,L,1,8-bit,613999,599.608,0.58556,2008,2529,0.79399,5078232,0.0,255.0,255.0,58.04347654853106,14.0,71.44954015119922,11.0,110.0,99.0,0.0,4.0,202.0,226.0,198.0,226.0,6.1397929191589355,71.44954015119922,45.63877493416406,36.21317419133273,0.22576755059634926
P0136,P0136_01.jpg,P0136_01.jpg,.jpg,JPEG,L,1,8-bit,712933,696.224,0.67991,2032,2439,0.833128,4956048,0.0,255.0,255.0,76.97592819924262,52.0,59.20572220965164,38.0,75.0,37.0,17.0,29.0,207.0,233.0,178.0,216.0,6.882732391357422,59.20572220965164,109.92237849250239,0.42027437990915345,0.44117813225376346
P0136,P0136_02.jpg,P0136_02.jpg,.jpg,JPEG,L,1,8-bit,607729,593.485,0.57958,2032,2439,0.833128,4956048,0.0,255.0,255.0,52.529448665549644,18.0,65.45980434742894,13.0,67.0,54.0,1.0,8.0,195.0,219.0,187.0,218.0,6.197807312011719,65.45980434742894,75.3867971786161,22.300853421920046,0.1237276152289082
P0137,P0137_01.jpg,P0137_01.jpg,.jpg,JPEG,L,1,8-bit,907371,886.104,0.86534,2260,2619,0.862925,5918940,0.0,255.0,255.0,43.66738926226655,9.0,60.11215510192184,1.0,71.0,70.0,0.0,0.0,173.0,204.0,173.0,204.0,6.01106071472168,60.11215510192184,76.10906134608464,55.561688410424836,0.013499038679222967
P0137,P0137_02.jpg,P0137_02.jpg,.jpg,JPEG,L,1,8-bit,486721,475.313,0.46417,1628,2290,0.710917,3728120,0.0,255.0,255.0,42.716030063409974,12.0,60.38381179052094,7.0,49.0,42.0,0.0,0.0,186.0,211.0,186.0,211.0,6.262999057769775,60.38381179052094,51.56038821914366,52.50099245732434,0.08771176893447637
P0137,P0137_03.jpg,P0137_03.jpg,.jpg,JPEG,L,1,8-bit,513047,501.022,0.48928,1628,2300,0.707826,3744400,0.0,255.0,255.0,48.4019915073176,18.0,57.4891908079747,12.0,69.0,57.0,0.0,4.0,174.0,201.0,170.0,201.0,6.438440322875977,57.4891908079747,61.30444170536594,25.10853541288324,0.08449951928212797
P0138,P0138_01.jpg,P0138_01.jpg,.jpg,JPEG,L,1,8-bit,620085,605.552,0.59136,2032,2439,0.833128,4956048,0.0,255.0,255.0,52.95817373035935,19.0,64.44712360154814,17.0,59.0,42.0,3.0,8.0,197.0,223.0,189.0,220.0,5.971533298492432,64.44712360154814,71.72401582785776,10.540172330857168,0.1786100538170736
P0138,P0138_02.jpg,P0138_02.jpg,.jpg,JPEG,L,1,8-bit,644520,629.414,0.61466,2032,2439,0.833128,4956048,0.0,255.0,255.0,60.0263907855614,20.0,67.50526935773753,14.0,111.0,97.0,0.0,0.0,195.0,226.0,195.0,226.0,6.629376411437988,67.50526935773753,59.04853333306223,21.14614305591875,0.3296174694030405
P0138,P0138_03.jpg,P0138_03.jpg,.jpg,JPEG,L,1,8-bit,608546,594.283,0.58035,2640,1751,1.50771,4622640,0.0,255.0,255.0,50.71232888565841,5.0,68.62108794415781,2.0,99.0,97.0,0.0,0.0,191.0,217.0,191.0,217.0,5.710460186004639,68.62108794415781,93.18657988515608,58.97634252288736,0.258683349774155
P0139,P0139_01.jpg,P0139_01.jpg,.jpg,JPEG,L,1,8-bit,582011,568.37,0.55505,2032,2439,0.833128,4956048,0.0,255.0,255.0,53.15891815414217,23.0,62.24935906969701,19.0,44.0,25.0,3.0,12.0,199.0,228.0,187.0,225.0,6.177382469177246,62.24935906969701,59.777754842721684,5.8467754953140085,0.2880319157522284
P0139,P0139_02.jpg,P0139_02.jpg,.jpg,JPEG,L,1,8-bit,555251,542.237,0.52953,2032,2439,0.833128,4956048,0.0,255.0,255.0,42.19715971273886,10.0,64.66069089199824,6.0,41.0,35.0,0.0,0.0,192.0,227.0,192.0,227.0,5.834689140319824,64.66069089199824,43.56757801280122,62.53190041742938,0.3400289908410895
P0140,P0140_01.jpg,P0140_01.jpg,.jpg,JPEG,L,1,8-bit,811160,792.148,0.77358,2212,2786,0.79397,6162632,0.0,255.0,255.0,48.10156780414602,13.0,68.59204229276358,8.0,52.0,44.0,0.0,0.0,198.0,224.0,198.0,224.0,6.078607082366943,68.59204229276358,100.99725129401894,46.84962528997351,0.24401911391106917
P0140,P0140_02.jpg,P0140_02.jpg,.jpg,JPEG,L,1,8-bit,670903,655.179,0.63982,2064,2664,0.774775,5498496,0.0,255.0,255.0,51.0781602823754,6.0,70.90614013072569,4.0,108.0,104.0,0.0,0.0,189.0,209.0,189.0,209.0,5.52010440826416,70.90614013072569,82.50312172205608,64.59404535349303,0.14547614474940054
P0141,P0141_01.jpg,P0141_01.jpg,.jpg,JPEG,L,1,8-bit,528691,516.3,0.5042,2284,1850,1.234595,4225400,0.0,255.0,255.0,65.53869787475742,2.0,81.5698411298914,0.0,155.0,155.0,0.0,0.0,205.0,226.0,205.0,226.0,5.173392295837402,81.5698411298914,125.22677250551865,55.59523358735268,0.31914138306432527
P0142,P0142_01.jpg,P0142_01.jpg,.jpg,JPEG,L,1,8-bit,694275,678.003,0.66211,2764,2032,1.360236,5616448,0.0,255.0,255.0,33.883010400879705,21.0,29.56078155675585,17.0,45.0,28.0,3.0,9.0,93.0,137.0,84.0,134.0,6.014252662658691,29.56078155675585,111.02009753588499,9.981166032339301,0.285126827489545
P0142,P0142_02.jpg,P0142_02.jpg,.jpg,JPEG,L,1,8-bit,621365,606.802,0.59258,2168,2667,0.812898,5782056,0.0,243.0,243.0,36.22222700714071,10.0,52.78859053964047,2.0,43.0,41.0,0.0,0.0,161.0,187.0,161.0,187.0,6.057666778564453,52.78859053964047,96.65631786854811,53.784570747844704,0.013922383318321373
P0142,P0142_03.jpg,P0142_03.jpg,.jpg,JPEG,L,1,8-bit,893228,872.293,0.85185,2596,2032,1.277559,5275072,0.0,255.0,255.0,52.277760568955266,27.0,46.58357217945663,21.0,75.0,54.0,7.0,14.0,152.0,194.0,138.0,187.0,6.486476898193359,46.58357217945663,161.98447948545495,3.9715287298448247,0.32661165572716355
P0142,P0142_04.jpg,P0142_04.jpg,.jpg,JPEG,L,1,8-bit,628642,613.908,0.59952,2148,2599,0.826472,5582652,0.0,246.0,246.0,39.48907812989239,14.0,53.10304072475439,6.0,44.0,38.0,0.0,3.0,165.0,191.0,162.0,191.0,6.3179121017456055,53.10304072475439,141.50763605508797,47.651259652222635,0.015494428096180811
P0143,P0143_01.jpg,P0143_01.jpg,.jpg,JPEG,L,1,8-bit,579410,565.83,0.55257,2440,1421,1.717101,3467240,0.0,255.0,255.0,59.232418003945504,18.0,65.19190281299461,13.0,111.0,98.0,0.0,2.0,188.0,214.0,186.0,214.0,6.701432704925537,65.19190281299461,110.79833275002355,23.97950531258292,0.2875197563479886
P0144,P0144_01.jpg,P0144_01.jpg,.jpg,JPEG,L,1,8-bit,595484,581.527,0.5679,1612,2439,0.660927,3931668,0.0,255.0,255.0,56.47445282765483,15.0,72.10713954578296,8.0,91.0,83.0,3.0,3.0,200.0,222.0,197.0,219.0,6.393269062042236,72.10713954578296,179.64233418029553,43.787013552517664,0.3154640727548715
P0144,P0144_02.jpg,P0144_02.jpg,.jpg,JPEG,L,1,8-bit,788815,770.327,0.75227,2032,2439,0.833128,4956048,0.0,255.0,255.0,59.231051434530094,11.0,74.65338249970974,9.0,127.0,118.0,5.0,5.0,201.0,224.0,196.0,219.0,5.794615745544434,74.65338249970974,327.9131918826477,55.757712596811004,0.3080680413103344
P0144,P0144_03.jpg,P0144_03.jpg,.jpg,JPEG,L,1,8-bit,549433,536.556,0.52398,1388,2439,0.569086,3385332,0.0,255.0,255.0,63.498789778964074,16.0,75.68900460841279,6.0,141.0,135.0,0.0,1.0,200.0,222.0,199.0,222.0,6.596502780914307,75.68900460841279,216.97079378660305,43.438221125727104,0.37718604851754567
P0144,P0144_04.jpg,P0144_04.jpg,.jpg,JPEG,L,1,8-bit,891416,870.523,0.85012,2032,2439,0.833128,4956048,0.0,255.0,255.0,68.9560748806307,20.0,75.91119857475081,18.0,147.0,129.0,2.0,10.0,209.0,232.0,199.0,230.0,6.001500606536865,75.91119857475081,409.48473249009487,7.6078157435117655,0.46535061807310985
P0144,P0144_05.jpg,P0144_05.jpg,.jpg,JPEG,L,1,8-bit,588985,575.181,0.5617,2440,1377,1.771968,3359880,0.0,255.0,255.0,53.505360310487276,14.0,61.13572782655807,9.0,98.0,89.0,0.0,0.0,178.0,206.0,178.0,206.0,6.557184219360352,61.13572782655807,106.30662017846296,41.28870673952641,0.28295653416193434
P0144,P0144_06.jpg,P0144_06.jpg,.jpg,JPEG,L,1,8-bit,632011,617.198,0.60273,2440,1485,1.643098,3623400,0.0,255.0,255.0,56.14170861621681,14.0,63.49623002279487,10.0,102.0,92.0,0.0,2.0,184.0,211.0,182.0,211.0,6.458436012268066,63.49623002279487,105.40111910681799,41.19037368217696,0.27835734393111444
P0145,P0145_01.jpg,P0145_01.jpg,.jpg,JPEG,L,1,8-bit,640348,625.34,0.61068,2032,2439,0.833128,4956048,0.0,255.0,255.0,47.23659899984827,15.0,64.29155735055602,7.0,50.0,43.0,0.0,0.0,193.0,219.0,193.0,219.0,6.414714336395264,64.29155735055602,58.303091870165574,46.27937421106495,0.12461541938254027
P0145,P0145_02.jpg,P0145_02.jpg,.jpg,JPEG,L,1,8-bit,518498,506.346,0.49448,2032,2439,0.833128,4956048,0.0,255.0,255.0,48.90256187994951,19.0,64.28249573596516,16.0,46.0,30.0,5.0,5.0,209.0,247.0,204.0,242.0,5.693971633911133,64.28249573596516,53.485597524633626,15.571358469490207,1.2725058352945735
P0146,P0146_01.jpg,P0146_01.jpg,.jpg,JPEG,L,1,8-bit,620689,606.142,0.59194,2032,2439,0.833128,4956048,0.0,255.0,255.0,55.906186542180386,21.0,63.52561274114716,14.0,90.0,76.0,0.0,5.0,183.0,213.0,178.0,213.0,6.495363235473633,63.52561274114716,60.218673066547325,14.471913912052505,0.14838435785932663
P0146,P0146_02.jpg,P0146_02.jpg,.jpg,JPEG,L,1,8-bit,559782,546.662,0.53385,2032,2439,0.833128,4956048,0.0,255.0,255.0,54.350775860120805,22.0,61.30201278008876,16.0,88.0,72.0,0.0,4.0,185.0,211.0,181.0,211.0,6.501852035522461,61.30201278008876,39.852906136423606,14.839626250593216,0.23438029655887108
P0147,P0147_01.jpg,P0147_01.jpg,.jpg,JPEG,L,1,8-bit,867395,847.065,0.82721,2848,2439,1.167692,6946272,0.0,255.0,255.0,41.93805411017593,14.0,55.84338809067099,10.0,52.0,42.0,0.0,1.0,170.0,198.0,169.0,198.0,6.174542427062988,55.84338809067099,41.4436709418839,44.612102722150816,0.05089060722067895
P0147,P0147_02.jpg,P0147_02.jpg,.jpg,JPEG,L,1,8-bit,549580,536.699,0.52412,2032,2439,0.833128,4956048,0.0,255.0,255.0,36.00130547565318,19.0,39.58673902755522,17.0,34.0,17.0,0.0,8.0,137.0,173.0,129.0,173.0,5.719992160797119,39.58673902755522,42.21144914028103,10.179340474507107,0.0761897382753355
P0147,P0147_03.jpg,P0147_03.jpg,.jpg,JPEG,L,1,8-bit,594654,580.717,0.56711,2032,2439,0.833128,4956048,0.0,255.0,255.0,52.28533016629379,18.0,65.6009982191667,14.0,70.0,56.0,0.0,7.0,202.0,229.0,195.0,229.0,6.062142372131348,65.6009982191667,56.09014227579474,15.39105351683438,0.29763634250515736
P0148,P0148_01.jpg,P0148_01.jpg,.jpg,JPEG,L,1,8-bit,605973,591.771,0.5779,2084,2546,0.818539,5305864,0.0,255.0,255.0,40.181438498989046,20.0,48.225812821866334,18.0,25.0,7.0,0.0,9.0,165.0,193.0,156.0,193.0,5.461091041564941,48.225812821866334,32.34840830750494,9.274757136632223,0.060065617965330435
P0148,P0148_02.jpg,P0148_02.jpg,.jpg,JPEG,L,1,8-bit,546644,533.832,0.52132,2032,2439,0.833128,4956048,0.0,255.0,255.0,37.21606651105881,0.0,59.828362854922055,0.0,78.0,78.0,0.0,0.0,163.0,191.0,163.0,191.0,3.6337454319000244,59.828362854922055,82.25475258133159,68.1230286712316,0.06660548888953458
P0149,P0149_01.jpg,P0149_01.jpg,.jpg,JPEG,L,1,8-bit,642837,627.771,0.61306,2104,2536,0.829653,5335744,0.0,255.0,255.0,41.752013589857384,17.0,53.3143730224977,14.0,35.0,21.0,0.0,6.0,170.0,196.0,164.0,196.0,5.745831489562988,53.3143730224977,43.36565127161362,17.741068537021263,0.04893413177243886
P0149,P0149_02.jpg,P0149_02.jpg,.jpg,JPEG,L,1,8-bit,790592,772.062,0.75397,2032,2439,0.833128,4956048,0.0,255.0,255.0,69.55655534409675,33.0,67.31146514076063,28.0,102.0,74.0,7.0,17.0,211.0,237.0,194.0,230.0,6.540450096130371,67.31146514076063,89.77303031034647,2.558348910260756,0.6025365371763954
P0150,P0150_01.jpg,P0150_01.jpg,.jpg,JPEG,L,1,8-bit,521208,508.992,0.49706,2032,2439,0.833128,4956048,0.0,255.0,255.0,36.47741587652097,4.0,59.47925323262553,0.0,43.0,43.0,0.0,0.0,169.0,194.0,169.0,194.0,5.073707580566406,59.47925323262553,116.71734547868833,68.1790208650118,0.05003987047744493
P0150,P0150_02.jpg,P0150_02.jpg,.jpg,JPEG,L,1,8-bit,571150,557.764,0.54469,2032,2439,0.833128,4956048,0.0,255.0,255.0,44.530754544750174,0.0,77.79059051467628,0.0,50.0,50.0,0.0,0.0,227.0,255.0,227.0,255.0,4.163113594055176,77.79059051467628,131.23734691593683,67.68493767614842,3.1534803537011746
P0151,P0151_01.jpg,P0151_01.jpg,.jpg,JPEG,L,1,8-bit,726723,709.69,0.69306,2952,2439,1.210332,7199928,0.0,255.0,255.0,38.58475862536403,0.0,58.94510124700016,0.0,78.0,78.0,0.0,0.0,158.0,182.0,158.0,182.0,3.920071840286255,58.94510124700016,42.17652586781358,64.12993296599633,0.026333596669300022
P0151,P0151_02.jpg,P0151_02.jpg,.jpg,JPEG,L,1,8-bit,539180,526.543,0.5142,2032,2439,0.833128,4956048,0.0,255.0,255.0,36.92089059670124,0.0,62.64755729045414,0.0,48.0,48.0,0.0,0.0,185.0,220.0,185.0,220.0,4.27314567565918,62.64755729045414,77.4061104999786,64.48244649769333,0.18258499514128998
P0151,P0151_03.jpg,P0151_03.jpg,.jpg,JPEG,L,1,8-bit,470884,459.848,0.44907,2032,2439,0.833128,4956048,0.0,255.0,255.0,47.017982473131816,0.0,71.44802607053319,0.0,88.0,88.0,0.0,0.0,195.0,219.0,195.0,219.0,4.184929847717285,71.44802607053319,53.27191014934436,62.712386966389346,0.06930925608468683
P0152,P0152_01.jpg,P0152_01.jpg,.jpg,JPEG,L,1,8-bit,420302,410.451,0.40083,1504,2296,0.655052,3453184,0.0,255.0,255.0,41.79842371562013,18.0,51.88994318242036,15.0,33.0,18.0,0.0,8.0,169.0,194.0,161.0,194.0,5.682325839996338,51.88994318242036,54.056342792758585,13.713343974720143,0.08626820928163689
P0152,P0152_02.jpg,P0152_02.jpg,.jpg,JPEG,L,1,8-bit,528312,515.93,0.50384,1652,2439,0.677327,4029228,0.0,255.0,255.0,47.952226580377186,23.0,51.14363441362643,20.0,49.0,29.0,5.0,11.0,169.0,200.0,158.0,195.0,5.887720108032227,51.14363441362643,51.4344848827497,6.247822163451659,0.07817874788917381
P0153,P0153_01.jpg,P0153_01.jpg,.jpg,JPEG,L,1,8-bit,758238,740.467,0.72311,2136,2610,0.818391,5574960,0.0,255.0,255.0,64.09604284156299,27.0,62.13281807494669,23.0,130.0,107.0,5.0,13.0,180.0,204.0,167.0,199.0,6.31129264831543,62.13281807494669,48.48043805856659,4.557844361215148,0.0497223298463128
P0153,P0153_02.jpg,P0153_02.jpg,.jpg,JPEG,L,1,8-bit,879444,858.832,0.8387,2188,2578,0.84872,5640664,0.0,255.0,255.0,65.49315967056361,16.0,79.24607616247913,10.0,150.0,140.0,0.0,0.0,211.0,238.0,211.0,238.0,6.4634246826171875,79.24607616247913,76.4466576081562,35.353036451027755,0.6577417126777982
P0154,P0154_01.jpg,P0154_01.jpg,.jpg,JPEG,L,1,8-bit,632803,617.972,0.60349,2032,2439,0.833128,4956048,0.0,253.0,253.0,58.10472699215181,32.0,55.805803140452284,22.0,70.0,48.0,3.0,13.0,176.0,201.0,163.0,198.0,6.6043853759765625,55.805803140452284,81.56078569928327,4.562586964452322,0.01785696990828176
P0154,P0154_02.jpg,P0154_02.jpg,.jpg,JPEG,L,1,8-bit,778315,760.073,0.74226,2032,2439,0.833128,4956048,0.0,255.0,255.0,71.59818367376587,42.0,61.91894358750294,28.0,126.0,98.0,1.0,16.0,193.0,222.0,177.0,221.0,6.974098205566406,61.91894358750294,114.9972391865458,3.5974833173528586,0.28369378181970795
P0155,P0155_01.jpg,P0155_01.jpg,.jpg,JPEG,L,1,8-bit,901644,880.512,0.85987,2520,1619,1.556516,4079880,0.0,255.0,255.0,94.73963940115885,64.0,76.28121712865745,26.0,169.0,143.0,0.0,3.0,216.0,240.0,213.0,240.0,7.554521083831787,76.28121712865745,242.08300592255884,11.514578860162555,0.8222545761149838
P0155,P0155_02.jpg,P0155_02.jpg,.jpg,JPEG,L,1,8-bit,829885,810.435,0.79144,2520,1847,1.364375,4654440,0.0,255.0,255.0,80.14423432249637,37.0,75.9060168146925,16.0,157.0,141.0,4.0,11.0,213.0,236.0,202.0,232.0,6.979366302490234,75.9060168146925,125.30362888987327,8.659967686767905,0.5591435274705443
P0156,P0156_01.jpg,P0156_01.jpg,.jpg,JPEG,L,1,8-bit,577241,563.712,0.5505,2032,2439,0.833128,4956048,0.0,255.0,255.0,46.763402210793764,20.0,55.03449362190329,16.0,38.0,22.0,2.0,10.0,175.0,201.0,165.0,199.0,5.956273078918457,55.03449362190329,50.969922136747975,7.583845031363699,0.051734769316197096
P0156,P0156_02.jpg,P0156_02.jpg,.jpg,JPEG,L,1,8-bit,599462,585.412,0.57169,2032,2439,0.833128,4956048,0.0,255.0,255.0,64.5352676164557,35.0,59.27810789499798,30.0,91.0,61.0,2.0,15.0,195.0,230.0,180.0,228.0,6.387973785400391,59.27810789499798,53.707265420591995,3.8192729368238565,0.39008903868566247
P0157,P0157_01.jpg,P0157_01.jpg,.jpg,JPEG,L,1,8-bit,1444973,1411.106,1.37803,3308,2731,1.211278,9034148,0.0,237.0,237.0,51.89848605535353,11.0,62.95292559550076,7.0,115.0,108.0,0.0,0.0,169.0,187.0,169.0,187.0,6.21079158782959,62.95292559550076,152.45526802929587,53.05187605959078,0.0013282934926459032
P0157,P0157_02.jpg,P0157_02.jpg,.jpg,JPEG,L,1,8-bit,655594,640.229,0.62522,2032,2439,0.833128,4956048,0.0,255.0,255.0,47.118107411389076,20.0,49.640326378161475,18.0,62.0,44.0,0.0,7.0,156.0,178.0,149.0,178.0,6.024805068969727,49.640326378161475,52.963582600468,10.654941195081243,0.0660203452428225
P0157,P0157_03.jpg,P0157_03.jpg,.jpg,JPEG,L,1,8-bit,689363,673.206,0.65743,2032,2439,0.833128,4956048,0.0,255.0,255.0,68.91189613175659,18.0,75.04080794410046,14.0,141.0,127.0,0.0,4.0,206.0,224.0,202.0,224.0,6.476866722106934,75.04080794410046,68.15225181562302,17.81080409229289,0.13371541195726916
P0158,P0158_01.jpg,P0158_01.jpg,.jpg,JPEG,L,1,8-bit,579949,566.356,0.55308,1832,2439,0.751128,4468248,0.0,255.0,255.0,63.288844531458416,25.0,67.0682573352311,21.0,100.0,79.0,3.0,12.0,204.0,232.0,192.0,229.0,6.565402984619141,67.0682573352311,60.38597408233627,5.316535698108073,0.4591732598548693
P0158,P0158_02.jpg,P0158_02.jpg,.jpg,JPEG,L,1,8-bit,627623,612.913,0.59855,1936,2439,0.793768,4721904,0.0,255.0,255.0,61.30343988357239,20.0,65.80480699240445,17.0,111.0,94.0,0.0,8.0,192.0,219.0,184.0,219.0,6.383914947509766,65.80480699240445,58.02712580866886,9.391042257530014,0.23058495047760397
P0159,P0159_01.jpg,P0159_01.jpg,.jpg,JPEG,L,1,8-bit,552777,539.821,0.52717,2032,2439,0.833128,4956048,0.0,255.0,255.0,44.31228511104009,17.0,55.23435421414301,15.0,34.0,19.0,0.0,8.0,174.0,200.0,166.0,200.0,5.913697242736816,55.23435421414301,45.54497497384515,13.008227523220114,0.05145228617640508
P0159,P0159_02.jpg,P0159_02.jpg,.jpg,JPEG,L,1,8-bit,603362,589.221,0.57541,2032,2439,0.833128,4956048,0.0,255.0,255.0,63.344675434943326,32.0,60.61097239533363,27.0,96.0,69.0,0.0,11.0,193.0,227.0,182.0,227.0,6.387823581695557,60.61097239533363,60.5273066145431,5.784588849825506,0.3008848986127657
P0160,P0160_01.jpg,P0160_01.jpg,.jpg,JPEG,L,1,8-bit,655894,640.521,0.62551,2440,1891,1.290323,4614040,0.0,255.0,255.0,53.85957252212811,13.0,69.09580410162833,3.0,106.0,103.0,0.0,0.0,193.0,220.0,193.0,220.0,6.366211891174316,69.09580410162833,94.99079720632672,49.55511872458843,0.2533571447148269
P0160,P0160_02.jpg,P0160_02.jpg,.jpg,JPEG,L,1,8-bit,672675,656.909,0.64151,2440,1862,1.310419,4543280,0.0,255.0,255.0,58.766403347361376,17.0,69.38392992179398,8.0,115.0,107.0,0.0,0.0,196.0,221.0,196.0,221.0,6.746128082275391,69.38392992179398,87.11147659662883,41.71351974784737,0.2402449331760314
P0161,P0161_01.jpg,P0161_01.jpg,.jpg,JPEG,L,1,8-bit,698482,682.111,0.66612,2032,2439,0.833128,4956048,0.0,248.0,248.0,63.19722085016126,49.0,48.40250114590228,24.0,86.0,62.0,1.0,12.0,161.0,186.0,149.0,185.0,7.207098960876465,48.40250114590228,60.95529711612124,5.328257514858612,0.003793345020064374
P0161,P0161_02.jpg,P0161_02.jpg,.jpg,JPEG,L,1,8-bit,686163,670.081,0.65438,2032,2439,0.833128,4956048,0.0,242.0,242.0,62.408059001849864,29.0,65.87772728272364,12.0,113.0,101.0,0.0,1.0,191.0,217.0,190.0,217.0,7.075786590576172,65.87772728272364,63.50622992835725,27.05952404012229,0.009907087259848976
P0162,P0162_01.jpg,P0162_01.jpg,.jpg,JPEG,L,1,8-bit,681015,665.054,0.64947,2032,2439,0.833128,4956048,0.0,255.0,255.0,50.85286341052387,13.0,68.84215513514066,9.0,71.0,62.0,0.0,3.0,198.0,221.0,195.0,221.0,5.992284297943115,68.84215513514066,228.33485311506652,47.83155853212075,0.233391605569599
P0162,P0162_02.jpg,P0162_02.jpg,.jpg,JPEG,L,1,8-bit,714523,697.776,0.68142,2032,2439,0.833128,4956048,0.0,255.0,255.0,60.28912633614525,13.0,74.21211341707638,10.0,128.0,118.0,0.0,3.0,200.0,221.0,197.0,221.0,6.033499240875244,74.21211341707638,162.1335771810832,49.488544098039405,0.23601466329623927
P0163,P0163_01.jpg,P0163_01.jpg,.jpg,JPEG,L,1,8-bit,659910,644.443,0.62934,2032,2439,0.833128,4956048,0.0,255.0,255.0,49.423180122549255,17.0,66.08336140542265,12.0,37.0,25.0,0.0,2.0,198.0,222.0,196.0,222.0,6.306752681732178,66.08336140542265,54.5255838629968,28.306061603923126,0.11087463236837093
P0163,P0163_02.jpg,P0163_02.jpg,.jpg,JPEG,L,1,8-bit,936132,914.191,0.89277,2032,2439,0.833128,4956048,0.0,246.0,246.0,59.0246878157758,26.0,63.270743567626596,17.0,121.0,104.0,0.0,0.0,181.0,211.0,181.0,211.0,6.5737409591674805,63.270743567626596,100.31669367865653,18.192257217847768,0.001513302534600149
P0164,P0164_01.jpg,P0164_01.jpg,.jpg,JPEG,L,1,8-bit,692592,676.359,0.66051,2032,2439,0.833128,4956048,0.0,255.0,255.0,54.44530722866284,28.0,63.55021253361113,13.0,52.0,39.0,1.0,6.0,200.0,228.0,194.0,227.0,6.81663179397583,63.55021253361113,170.49924763611978,24.113103827888676,0.38046443456560547
P0164,P0164_02.jpg,P0164_02.jpg,.jpg,JPEG,L,1,8-bit,603722,589.572,0.57575,2032,2439,0.833128,4956048,0.0,255.0,255.0,48.53468953488748,11.0,68.57001957871697,6.0,73.0,67.0,0.0,0.0,195.0,219.0,195.0,219.0,6.171135902404785,68.57001957871697,87.12809964409551,54.03676477709659,0.24503394640245615
P0165,P0165_01.jpg,P0165_01.jpg,.jpg,JPEG,L,1,8-bit,596263,582.288,0.56864,2440,1686,1.447212,4113840,0.0,255.0,255.0,59.235673239600956,17.0,70.37396353067028,8.0,115.0,107.0,0.0,0.0,199.0,224.0,199.0,224.0,6.756426811218262,70.37396353067028,109.23395933967494,41.55725550823561,0.34128697275538183
P0166,P0166_01.jpg,P0166_01.jpg,.jpg,JPEG,L,1,8-bit,702318,685.857,0.66978,2440,2032,1.200787,4958080,0.0,255.0,255.0,58.12594915773848,14.0,70.72120891255223,6.0,127.0,121.0,0.0,0.0,190.0,212.0,190.0,212.0,6.493314743041992,70.72120891255223,174.6741693853194,46.77839002194398,0.23833822770104557
P0167,P0167_01.jpg,P0167_01.jpg,.jpg,JPEG,L,1,8-bit,713374,696.654,0.68033,2032,2439,0.833128,4956048,0.0,240.0,240.0,54.773410790210264,30.0,50.25740769431794,23.0,86.0,63.0,0.0,10.0,160.0,186.0,150.0,186.0,6.486959457397461,50.25740769431794,61.59528240234203,6.241142135830807,0.007203320064696711
P0167,P0167_02.jpg,P0167_02.jpg,.jpg,JPEG,L,1,8-bit,678336,662.438,0.64691,2032,2439,0.833128,4956048,0.0,255.0,255.0,69.5391083782885,33.0,65.16397746235292,29.0,126.0,97.0,0.0,11.0,200.0,229.0,189.0,229.0,6.463268280029297,65.16397746235292,58.367156590329856,5.7365263613266055,0.3837129906732138
P0167,P0167_03.jpg,P0167_03.jpg,.jpg,JPEG,L,1,8-bit,551673,538.743,0.52612,2032,2439,0.833128,4956048,0.0,255.0,255.0,43.98347776292724,2.0,74.17759890531882,0.0,58.0,58.0,0.0,0.0,203.0,230.0,203.0,230.0,4.760685920715332,74.17759890531882,48.951469085914525,69.81724147950142,0.3732005823995248
P0167,P0167_04.jpg,P0167_04.jpg,.jpg,JPEG,L,1,8-bit,560362,547.229,0.5344,2032,2439,0.833128,4956048,0.0,255.0,255.0,49.77405707127937,4.0,76.01986034868858,1.0,108.0,107.0,0.0,0.0,201.0,226.0,201.0,226.0,5.301593780517578,76.01986034868858,45.227537893867556,68.18503372041594,0.26145832324464974
P0168,P0168_01.jpg,P0168_01.jpg,.jpg,JPEG,L,1,8-bit,1240167,1211.101,1.18272,2800,2576,1.086957,7212800,0.0,255.0,255.0,76.31657373003549,41.0,65.77933018639071,23.0,145.0,122.0,5.0,13.0,191.0,210.0,178.0,205.0,7.114229679107666,65.77933018639071,108.82462965917242,4.191284937888199,0.05262866015971606
P0168,P0168_02.jpg,P0168_02.jpg,.jpg,JPEG,L,1,8-bit,637448,622.508,0.60792,2032,2439,0.833128,4956048,0.0,255.0,255.0,45.374167078284955,23.0,47.59396016592378,20.0,44.0,24.0,0.0,10.0,158.0,182.0,148.0,182.0,6.027739524841309,47.59396016592378,53.50458764483721,6.893920317155927,0.06638353785112654
P0168,P0168_03.jpg,P0168_03.jpg,.jpg,JPEG,L,1,8-bit,596190,582.217,0.56857,2032,2439,0.833128,4956048,0.0,255.0,255.0,42.54712020545402,13.0,60.97627571725923,9.0,41.0,32.0,0.0,1.0,193.0,215.0,192.0,215.0,6.066625118255615,60.97627571725923,46.29709125833176,48.80261450252298,0.07100415492343899
P0169,P0169_01.jpg,P0169_01.jpg,.jpg,JPEG,L,1,8-bit,676031,660.187,0.64471,2032,2439,0.833128,4956048,0.0,255.0,255.0,51.0890818652281,28.0,58.561303000589966,4.0,78.0,74.0,0.0,0.0,170.0,199.0,170.0,199.0,6.522756576538086,58.561303000589966,53.84057583596624,35.85649291532285,0.055326340664981453
P0169,P0169_02.jpg,P0169_02.jpg,.jpg,JPEG,L,1,8-bit,585673,571.946,0.55854,2032,2439,0.833128,4956048,0.0,255.0,255.0,44.539469553160096,10.0,67.0789932296201,2.0,59.0,57.0,0.0,0.0,198.0,228.0,198.0,228.0,6.090548515319824,67.0789932296201,48.712301478978134,55.69399247142077,0.24513483323809615
P0170,P0170_01.jpg,P0170_01.jpg,.jpg,JPEG,L,1,8-bit,616630,602.178,0.58806,2032,2439,0.833128,4956048,0.0,255.0,255.0,52.14203211914009,30.0,50.53451327371608,22.0,45.0,23.0,7.0,16.0,173.0,198.0,157.0,191.0,6.359676837921143,50.53451327371608,63.85818557800319,2.8753151704745394,0.06761435724593466
P0170,P0170_02.jpg,P0170_02.jpg,.jpg,JPEG,L,1,8-bit,637304,622.367,0.60778,2032,2439,0.833128,4956048,0.0,255.0,255.0,51.21253103279064,28.0,47.492852256649634,21.0,69.0,48.0,4.0,14.0,155.0,182.0,141.0,178.0,6.399975299835205,47.492852256649634,50.88524020903461,4.024133745274461,0.06444651060683836
P0171,P0171_01.jpg,P0171_01.jpg,.jpg,JPEG,L,1,8-bit,372766,364.029,0.3555,2188,1228,1.781759,2686864,0.0,255.0,255.0,34.10981798855469,7.0,48.03391801662746,4.0,51.0,47.0,0.0,0.0,142.0,207.0,142.0,207.0,5.976665019989014,48.03391801662746,90.82707701350972,54.53230978568323,0.1781258746255858
P0172,P0172_01.jpg,P0172_01.jpg,.jpg,JPEG,L,1,8-bit,588884,575.082,0.5616,2376,1451,1.637491,3447576,0.0,255.0,255.0,57.32360069799766,21.0,66.72409097914993,5.0,107.0,102.0,0.0,0.0,193.0,220.0,193.0,220.0,6.577147960662842,66.72409097914993,111.92867058632308,44.77377728583794,0.16736396819098404
P0173,P0173_01.jpg,P0173_01.jpg,.jpg,JPEG,L,1,8-bit,565866,552.604,0.53965,2032,2439,0.833128,4956048,0.0,255.0,255.0,43.43767937679377,17.0,60.46365138587734,11.0,26.0,15.0,0.0,6.0,193.0,220.0,187.0,220.0,5.968393325805664,60.46365138587734,65.76242676184675,32.29916255855472,0.19602312164853933
P0173,P0173_02.jpg,P0173_02.jpg,.jpg,JPEG,L,1,8-bit,573183,559.749,0.54663,2032,2439,0.833128,4956048,0.0,255.0,255.0,41.08086765907029,13.0,59.6659465628665,9.0,36.0,27.0,0.0,3.0,189.0,218.0,186.0,218.0,5.947997093200684,59.6659465628665,53.02964772821318,48.78788502451953,0.15034156247074282
P0174,P0174_01.jpg,P0174_01.jpg,.jpg,JPEG,L,1,8-bit,612804,598.441,0.58442,2032,2439,0.833128,4956048,0.0,255.0,255.0,60.26421919238877,37.0,53.74995237662367,26.0,55.0,29.0,12.0,20.0,183.0,210.0,163.0,198.0,6.560975074768066,53.74995237662367,55.564818888745044,1.107192666414853,0.07378863158710328
P0174,P0174_02.jpg,P0174_02.jpg,.jpg,JPEG,L,1,8-bit,615389,600.966,0.58688,2032,2439,0.833128,4956048,0.0,255.0,255.0,50.45208460450746,27.0,48.565648491514104,21.0,67.0,46.0,3.0,13.0,158.0,185.0,145.0,182.0,6.299722671508789,48.565648491514104,47.04257215992001,4.826668345423612,0.06612123207846252
P0175,P0175_01.jpg,P0175_01.jpg,.jpg,JPEG,L,1,8-bit,612847,598.483,0.58446,2456,3176,0.7733,7800256,0.0,255.0,255.0,59.785111924531705,33.0,51.93237192812773,27.0,80.0,53.0,21.0,23.0,176.0,205.0,153.0,184.0,6.166669845581055,51.93237192812773,45.49503537289776,0.23009501226626408,0.18814767105079627
P0175,P0175_02.jpg,P0175_02.jpg,.jpg,JPEG,L,1,8-bit,534275,521.753,0.50952,2456,2968,0.827493,7289408,0.0,255.0,255.0,51.09890981544729,20.0,54.40508406558208,15.0,80.0,65.0,12.0,14.0,168.0,197.0,154.0,185.0,5.803986549377441,54.40508406558208,47.370448932524596,1.1787925713583325,0.20141553333274798
P0175,P0175_03.jpg,P0175_03.jpg,.jpg,JPEG,L,1,8-bit,631225,616.431,0.60198,2052,2944,0.697011,6041088,0.0,255.0,255.0,97.24618479320281,55.0,66.35901701810994,51.0,144.0,93.0,42.0,45.0,228.0,241.0,183.0,199.0,6.4491095542907715,66.35901701810994,34.127195284992176,0.19926874099499958,0.6824432949826257
P0175,P0175_04.jpg,P0175_04.jpg,.jpg,JPEG,L,1,8-bit,590996,577.145,0.56362,2456,2968,0.827493,7289408,0.0,255.0,255.0,61.12521195136834,24.0,68.74106841540554,18.0,80.0,62.0,15.0,16.0,221.0,232.0,205.0,217.0,5.907193183898926,68.74106841540554,32.29148187295041,0.1610693214044268,0.22241861067455684
P0176,P0176_01.jpg,P0176_01.jpg,.jpg,JPEG,L,1,8-bit,937664,915.688,0.89423,2848,2439,1.167692,6946272,0.0,255.0,255.0,45.88105202330113,13.0,59.48652937836407,7.0,72.0,65.0,0.0,0.0,172.0,193.0,172.0,193.0,6.34000301361084,59.48652937836407,48.292323328124105,49.96462850864464,0.042080125857438345
P0176,P0176_02.jpg,P0176_02.jpg,.jpg,JPEG,L,1,8-bit,597233,583.235,0.56957,2032,2439,0.833128,4956048,0.0,255.0,255.0,50.56647796792929,12.0,69.95871204678494,5.0,83.0,78.0,0.0,0.0,199.0,221.0,199.0,221.0,6.34329080581665,69.95871204678494,41.489910294447114,50.664703005297774,0.10986576401197085
P0176,P0176_03.jpg,P0176_03.jpg,.jpg,JPEG,L,1,8-bit,626343,611.663,0.59733,2032,2439,0.833128,4956048,0.0,255.0,255.0,48.136581606957805,25.0,47.7357713640862,21.0,57.0,36.0,2.0,11.0,158.0,182.0,147.0,180.0,6.279632568359375,47.7357713640862,43.344837637559586,6.2066993701433075,0.05857489677258978
P0176,P0176_04.jpg,P0176_04.jpg,.jpg,JPEG,L,1,8-bit,623886,609.264,0.59498,2608,1643,1.58734,4284944,0.0,255.0,255.0,53.7213356813998,12.0,67.55068979652901,5.0,104.0,99.0,0.0,0.0,190.0,209.0,190.0,209.0,6.441186904907227,67.55068979652901,73.58235961107312,51.65731454133356,0.06361810096001255
P0176,P0176_05.jpg,P0176_05.jpg,.jpg,JPEG,L,1,8-bit,683584,667.562,0.65192,2856,1657,1.723597,4732392,0.0,255.0,255.0,64.3257957075407,24.0,68.42901896109804,17.0,121.0,104.0,1.0,7.0,197.0,216.0,190.0,215.0,6.7666521072387695,68.42901896109804,120.7509619477958,12.486264874084817,0.10914142361833086
P0177,P0177_01.jpg,P0177_01.jpg,.jpg,JPEG,L,1,8-bit,556413,543.372,0.53064,2032,2439,0.833128,4956048,0.0,255.0,255.0,43.54367552533793,17.0,56.378426884003304,15.0,21.0,6.0,0.0,8.0,177.0,204.0,169.0,204.0,5.428771018981934,56.378426884003304,57.91948900226408,12.350445354847249,0.05651680532553357
P0177,P0177_02.jpg,P0177_02.jpg,.jpg,JPEG,L,1,8-bit,429621,419.552,0.40972,2032,2439,0.833128,4956048,0.0,255.0,255.0,33.98834918467295,3.0,60.34765180256569,0.0,37.0,37.0,0.0,0.0,178.0,216.0,178.0,216.0,4.827591419219971,60.34765180256569,46.983249521318285,70.98623742142934,0.08034627590370391
P0178,P0178_01.jpg,P0178_01.jpg,.jpg,JPEG,L,1,8-bit,541251,528.565,0.51618,2412,1363,1.769626,3287556,0.0,255.0,255.0,54.70988387726323,20.0,66.05540753939594,5.0,93.0,88.0,0.0,0.0,192.0,222.0,192.0,222.0,6.613842964172363,66.05540753939594,92.29851270647141,45.742095343775134,0.20434632900549832
P0179,P0179_01.jpg,P0179_01.jpg,.jpg,JPEG,L,1,8-bit,569522,556.174,0.54314,2032,2439,0.833128,4956048,0.0,255.0,255.0,39.81241485151072,17.0,51.3984512510207,13.0,29.0,16.0,0.0,6.0,169.0,195.0,163.0,195.0,5.832955360412598,51.3984512510207,54.18865862488422,18.47732306063218,0.06424473693555834
P0179,P0179_02.jpg,P0179_02.jpg,.jpg,JPEG,L,1,8-bit,580194,566.596,0.55332,2032,2439,0.833128,4956048,0.0,255.0,255.0,47.26177026534045,18.0,55.12562096370266,14.0,61.0,47.0,0.0,6.0,172.0,197.0,166.0,197.0,6.193629264831543,55.12562096370266,52.5446626514071,14.332104935222581,0.06826003299403073
P0180,P0180_01.jpg,P0180_01.jpg,.jpg,JPEG,L,1,8-bit,714872,698.117,0.68176,2032,2439,0.833128,4956048,0.0,255.0,255.0,51.0331802678263,30.0,54.757247830766836,11.0,61.0,50.0,0.0,2.0,168.0,196.0,166.0,196.0,6.869200229644775,54.757247830766836,63.001798152566394,29.044734837112152,0.0627717891352142
P0180,P0180_02.jpg,P0180_02.jpg,.jpg,JPEG,L,1,8-bit,600458,586.385,0.57264,2032,2439,0.833128,4956048,0.0,255.0,255.0,60.324736564294774,28.0,60.355574616748456,20.0,101.0,81.0,5.0,13.0,180.0,206.0,167.0,201.0,6.5858941078186035,60.355574616748456,35.128226863923395,4.76599500246971,0.0832921715043922
P0181,P0181_01.jpg,P0181_01.jpg,.jpg,JPEG,L,1,8-bit,806324,787.426,0.76897,2224,2657,0.837034,5909168,0.0,255.0,255.0,62.9659265060665,44.0,55.491435775524074,20.0,84.0,64.0,0.0,8.0,176.0,199.0,168.0,199.0,7.207545280456543,55.491435775524074,51.98999029527199,12.800719153694734,0.04120715471281237
P0181,P0181_02.jpg,P0181_02.jpg,.jpg,JPEG,L,1,8-bit,777286,759.068,0.74128,2236,2689,0.831536,6012604,0.0,255.0,255.0,41.927984114703044,13.0,55.59083499216888,8.0,56.0,48.0,0.0,0.0,166.0,195.0,166.0,195.0,6.190475940704346,55.59083499216888,51.854500236428194,48.2940669300689,0.0588097935603276
P0182,P0182_01.jpg,P0182_01.jpg,.jpg,JPEG,L,1,8-bit,2392910,2336.826,2.28206,2328,2928,0.795082,6816384,0.0,255.0,255.0,45.94327373575198,18.0,59.432274057532716,8.0,55.0,47.0,0.0,0.0,184.0,203.0,184.0,203.0,6.546964645385742,59.432274057532716,657.7898914390297,37.4489465382232,0.08610136987587554
P0182,P0182_02.jpg,P0182_02.jpg,.jpg,JPEG,L,1,8-bit,2175677,2124.685,2.07489,2328,2928,0.795082,6816384,0.0,255.0,255.0,47.340366974630534,11.0,64.31892410586731,2.0,87.0,85.0,0.0,0.0,185.0,200.0,185.0,200.0,6.13928747177124,64.31892410586731,480.3158830997937,52.88058888701106,0.10196021820366927
P0183,P0183_01.jpg,P0183_01.jpg,.jpg,JPEG,L,1,8-bit,621649,607.079,0.59285,2032,2439,0.833128,4956048,0.0,255.0,255.0,50.20951068270525,23.0,56.51168865505393,14.0,58.0,44.0,0.0,7.0,173.0,194.0,166.0,194.0,6.5704665184021,56.51168865505393,75.86854091246445,19.440590567322996,0.050988206732461024
P0183,P0183_02.jpg,P0183_02.jpg,.jpg,JPEG,L,1,8-bit,632901,618.067,0.60358,2032,2439,0.833128,4956048,0.0,255.0,255.0,68.14485049378052,28.0,67.45181350023465,23.0,116.0,93.0,0.0,8.0,202.0,232.0,194.0,232.0,6.793447494506836,67.45181350023465,59.72163828455856,8.363478319822567,0.3785879394227013
P0184,P0184_01.jpg,P0184_01.jpg,.jpg,JPEG,L,1,8-bit,943405,921.294,0.8997,2440,2845,0.857645,6941800,0.0,248.0,248.0,52.031416059235355,17.0,61.16106001713009,12.0,86.0,74.0,0.0,5.0,177.0,198.0,172.0,198.0,6.418552875518799,61.16106001713009,52.278643785903604,31.951626379325248,0.0011524388487135903
P0184,P0184_02.jpg,P0184_02.jpg,.jpg,JPEG,L,1,8-bit,578564,565.004,0.55176,2032,2439,0.833128,4956048,0.0,220.0,220.0,38.99887632242464,18.0,44.58454817623881,14.0,43.0,29.0,0.0,6.0,142.0,168.0,136.0,168.0,6.0642805099487305,44.58454817623881,45.63235189367449,15.253040325678846,0.0017150762058801689
P0184,P0184_03.jpg,P0184_03.jpg,.jpg,JPEG,L,1,8-bit,612358,598.006,0.58399,2032,2439,0.833128,4956048,0.0,255.0,255.0,69.38442504995916,35.0,67.08374725469605,25.0,96.0,71.0,9.0,18.0,210.0,232.0,192.0,223.0,6.798625946044922,67.08374725469605,60.54206656092755,2.0927359864149824,0.29753545566951733
P0185,P0185_01.jpg,P0185_01.jpg,.jpg,JPEG,L,1,8-bit,462943,452.093,0.4415,2440,1327,1.838734,3237880,0.0,255.0,255.0,78.66362774407946,35.0,71.76905608644707,25.0,151.0,126.0,5.0,12.0,209.0,231.0,197.0,226.0,7.089216232299805,71.76905608644707,120.7976244938614,5.495447638578329,0.3465230335898798
P0185,P0185_02.jpg,P0185_02.jpg,.jpg,JPEG,L,1,8-bit,435626,425.416,0.41545,2440,1242,1.964573,3030480,0.0,255.0,255.0,60.44751029539875,20.0,62.893762875869825,13.0,115.0,102.0,0.0,5.0,181.0,208.0,176.0,208.0,6.737490177154541,62.893762875869825,114.17141286572705,21.15282067527256,0.10117209154985349
P0186,P0186_01.jpg,P0186_01.jpg,.jpg,JPEG,L,1,8-bit,672465,656.704,0.64131,2032,2439,0.833128,4956048,0.0,255.0,255.0,44.11879848621321,15.0,57.76575659937624,13.0,45.0,32.0,0.0,4.0,176.0,202.0,172.0,202.0,5.692927360534668,57.76575659937624,86.6264556057085,24.847862651854864,0.07425271103104732
P0186,P0186_02.jpg,P0186_02.jpg,.jpg,JPEG,L,1,8-bit,654720,639.375,0.62439,2032,2439,0.833128,4956048,0.0,255.0,255.0,44.338203140889675,14.0,56.383099440507294,11.0,58.0,47.0,0.0,3.0,171.0,198.0,168.0,198.0,6.1282854080200195,56.383099440507294,59.87359101042438,38.98967483769326,0.06981369026288688
P0187,P0187_01.jpg,P0187_01.jpg,.jpg,JPEG,L,1,8-bit,568728,555.398,0.54238,2032,2439,0.833128,4956048,0.0,255.0,255.0,53.14393625727596,21.0,64.59676745754395,19.0,44.0,25.0,0.0,9.0,203.0,230.0,194.0,230.0,5.936230659484863,64.59676745754395,48.60019969919786,7.971855801235178,0.355222548288475
P0187,P0187_02.jpg,P0187_02.jpg,.jpg,JPEG,L,1,8-bit,480425,469.165,0.45817,2032,2439,0.833128,4956048,0.0,255.0,255.0,38.05038288571862,7.0,61.176404163100926,6.0,37.0,31.0,0.0,0.0,186.0,211.0,186.0,211.0,5.142472267150879,61.176404163100926,41.97551496284139,71.43645501415644,0.08165780476702404
P0188,P0188_01.jpg,P0188_01.jpg,.jpg,JPEG,L,1,8-bit,484393,473.04,0.46195,2436,1249,1.95036,3042564,0.0,255.0,255.0,47.06481244108588,11.0,63.07571405832359,0.0,83.0,83.0,0.0,0.0,185.0,218.0,185.0,218.0,5.868424415588379,63.07571405832359,124.82169783009377,51.176014703388326,0.19398112907403098
P0189,P0189_01.jpg,P0189_01.jpg,.jpg,JPEG,L,1,8-bit,619820,605.293,0.59111,2032,2439,0.833128,4956048,0.0,255.0,255.0,44.445300973679025,16.0,56.18949241575483,13.0,49.0,36.0,0.0,5.0,174.0,200.0,169.0,200.0,5.9354095458984375,56.18949241575483,56.41204599626502,20.076137277120804,0.06670637572517457
P0189,P0189_02.jpg,P0189_02.jpg,.jpg,JPEG,L,1,8-bit,666773,651.146,0.63588,2032,2439,0.833128,4956048,0.0,255.0,255.0,43.89131178713362,16.0,55.41188033612702,12.0,52.0,40.0,0.0,4.0,173.0,202.0,169.0,202.0,6.1575212478637695,55.41188033612702,75.7358683772487,29.253388990582817,0.07284029533208718
P0190,P0190_01.jpg,P0190_01.jpg,.jpg,JPEG,L,1,8-bit,489577,478.103,0.4669,1580,2576,0.613354,4070080,0.0,255.0,255.0,43.22007650955264,11.0,57.86786013918484,9.0,61.0,52.0,0.0,2.0,169.0,199.0,167.0,199.0,5.736649513244629,57.86786013918484,50.388487520098494,63.91252751788663,0.06324200015724507
P0190,P0190_02.jpg,P0190_02.jpg,.jpg,JPEG,L,1,8-bit,473168,462.078,0.45125,1600,2333,0.685812,3732800,0.0,255.0,255.0,49.9692707886841,3.0,68.09665859577336,1.0,95.0,94.0,0.0,0.0,187.0,218.0,187.0,218.0,5.576774597167969,68.09665859577336,49.00339831380786,57.054409558508354,0.20745820831547362
P0191,P0191_01.jpg,P0191_01.jpg,.jpg,JPEG,L,1,8-bit,607069,592.841,0.57895,2032,2439,0.833128,4956048,0.0,255.0,255.0,49.28313103505051,20.0,57.6648067133587,16.0,48.0,32.0,1.0,9.0,179.0,204.0,170.0,203.0,6.108412742614746,57.6648067133587,66.28765260864229,8.936636610460592,0.07171036277291906
P0191,P0191_02.jpg,P0191_02.jpg,.jpg,JPEG,L,1,8-bit,582355,568.706,0.55538,2032,2439,0.833128,4956048,0.0,255.0,255.0,47.16995779701892,15.0,56.173116726933166,13.0,67.0,54.0,0.0,4.0,171.0,200.0,167.0,200.0,5.895310401916504,56.173116726933166,45.83973868269312,21.368759947441994,0.06583874893867049
P0192,P0192_01.jpg,P0192_01.jpg,.jpg,JPEG,L,1,8-bit,685962,669.885,0.65418,2032,2439,0.833128,4956048,0.0,255.0,255.0,56.991940756021734,25.0,66.96141259922892,9.0,79.0,70.0,0.0,2.0,204.0,252.0,202.0,252.0,6.940676689147949,66.96141259922892,77.57619175175184,34.89144980032478,1.3457900327034766
P0192,P0192_02.jpg,P0192_02.jpg,.jpg,JPEG,L,1,8-bit,676355,660.503,0.64502,2032,2439,0.833128,4956048,0.0,255.0,255.0,50.23521906971038,10.0,70.38643655211355,3.0,96.0,93.0,0.0,0.0,197.0,248.0,197.0,248.0,6.294685363769531,70.38643655211355,85.68590162811411,53.3568480369843,1.1907673210590375
P0193,P0193_01.jpg,P0193_01.jpg,.jpg,JPEG,L,1,8-bit,815564,796.449,0.77778,2032,2439,0.833128,4956048,0.0,255.0,255.0,59.65093820721672,37.0,53.624777624009205,28.0,51.0,23.0,5.0,14.0,179.0,204.0,165.0,199.0,6.616927146911621,53.624777624009205,99.24949099261708,3.7120504079056538,0.06832056509541473
P0193,P0193_02.jpg,P0193_02.jpg,.jpg,JPEG,L,1,8-bit,616451,602.003,0.58789,2032,2439,0.833128,4956048,0.0,255.0,255.0,42.83012230712858,14.0,58.87385084357348,12.0,44.0,32.0,3.0,4.0,188.0,228.0,184.0,225.0,5.6204986572265625,58.87385084357348,61.68553786070667,28.158988774927117,0.44648477980842805
P0194,P0194_01.jpg,P0194_01.jpg,.jpg,JPEG,L,1,8-bit,552053,539.114,0.52648,2032,2439,0.833128,4956048,0.0,255.0,255.0,47.951824720018855,17.0,62.844325352656426,12.0,35.0,23.0,0.0,6.0,192.0,216.0,186.0,216.0,6.141887664794922,62.844325352656426,68.39161316485836,25.40029878645243,0.2079075908869325
P0194,P0194_02.jpg,P0194_02.jpg,.jpg,JPEG,L,1,8-bit,650262,635.021,0.62014,2032,2439,0.833128,4956048,0.0,255.0,255.0,64.0415920104083,24.0,64.96261360055584,21.0,126.0,105.0,2.0,11.0,188.0,210.0,177.0,208.0,6.357206344604492,64.96261360055584,77.81237707273978,6.597413907209939,0.06747311567603866
P0195,P0195_01.jpg,P0195_01.jpg,.jpg,JPEG,L,1,8-bit,548608,535.75,0.52319,2032,2439,0.833128,4956048,0.0,255.0,255.0,41.15792179575339,11.0,60.43880058712686,8.0,36.0,28.0,0.0,0.0,183.0,210.0,183.0,210.0,5.846585273742676,60.43880058712686,43.359917915493284,55.064700745432646,0.06252966072967817
P0195,P0195_02.jpg,P0195_02.jpg,.jpg,JPEG,L,1,8-bit,586807,573.054,0.55962,2032,2439,0.833128,4956048,0.0,255.0,255.0,57.63659088854668,15.0,71.63388148890698,13.0,102.0,89.0,0.0,4.0,205.0,227.0,201.0,227.0,5.9685516357421875,71.63388148890698,50.52978615747262,19.90579994382621,0.15764576937107955
P0196,P0196_01.jpg,P0196_01.jpg,.jpg,JPEG,L,1,8-bit,655527,640.163,0.62516,2032,2439,0.833128,4956048,0.0,250.0,250.0,64.65486310867045,41.0,49.34802827590795,36.0,81.0,45.0,11.0,24.0,170.0,193.0,146.0,182.0,6.263256072998047,49.34802827590795,58.55892494849021,1.267824686120877,0.001755430940136173
P0196,P0196_02.jpg,P0196_02.jpg,.jpg,JPEG,L,1,8-bit,484833,473.47,0.46237,2032,2439,0.833128,4956048,0.0,255.0,255.0,38.42421945873002,7.0,60.408471206381854,5.0,46.0,41.0,0.0,0.0,183.0,219.0,183.0,219.0,5.465445518493652,60.408471206381854,44.987830045868,68.88074933898946,0.11107640603965094
P0197,P0197_01.jpg,P0197_01.jpg,.jpg,JPEG,L,1,8-bit,854078,834.061,0.81451,2700,1845,1.463415,4981500,0.0,253.0,253.0,60.70466004215598,0.0,76.89600134094486,0.0,140.0,140.0,0.0,0.0,198.0,225.0,198.0,225.0,4.784499168395996,76.89600134094486,359.12707563722034,54.666526146742946,0.0021278731305831577
P0198,P0198_01.jpg,P0198_01.jpg,.jpg,JPEG,L,1,8-bit,472111,461.046,0.45024,1716,2439,0.703567,4185324,0.0,255.0,255.0,41.89528839344337,21.0,49.211861821420676,18.0,31.0,13.0,0.0,10.0,166.0,196.0,156.0,196.0,5.439070701599121,49.211861821420676,34.77254785661271,7.49559651773674,0.06780837039139621
P0198,P0198_02.jpg,P0198_02.jpg,.jpg,JPEG,L,1,8-bit,557216,544.156,0.5314,1780,2439,0.729807,4341420,0.0,255.0,255.0,47.66809131574462,21.0,53.30028953046217,19.0,53.0,34.0,0.0,8.0,170.0,203.0,162.0,203.0,5.839724540710449,53.30028953046217,47.76091656737115,9.150370155386947,0.08195475213179099
P0198,P0198_03.jpg,P0198_03.jpg,.jpg,JPEG,L,1,8-bit,521843,509.612,0.49767,2032,2439,0.833128,4956048,0.0,255.0,255.0,37.652580039579924,12.0,58.90845830303774,11.0,14.0,3.0,0.0,3.0,191.0,215.0,188.0,215.0,5.105341911315918,58.90845830303774,48.29803481267072,51.36633059243978,0.0690469503120228
P0198,P0198_04.jpg,P0198_04.jpg,.jpg,JPEG,L,1,8-bit,461325,450.513,0.43995,1364,2433,0.560625,3318612,0.0,255.0,255.0,72.96163275489873,25.0,72.75151553440162,22.0,140.0,118.0,6.0,13.0,209.0,233.0,196.0,227.0,6.465630054473877,72.75151553440162,62.855565317506425,4.823040475958021,0.4872217662082822
P0199,P0199_01.jpg,P0199_01.jpg,.jpg,JPEG,L,1,8-bit,631677,616.872,0.60241,2084,2493,0.835941,5195412,0.0,255.0,255.0,45.65781270089841,16.0,61.65218598894068,12.0,32.0,20.0,0.0,6.0,188.0,211.0,182.0,211.0,5.73822546005249,61.65218598894068,112.36982906844554,25.688684554757156,0.0723907940313492
P0199,P0199_02.jpg,P0199_02.jpg,.jpg,JPEG,L,1,8-bit,610400,596.094,0.58212,2032,2439,0.833128,4956048,0.0,255.0,255.0,38.92078002472938,10.0,59.239048817324374,9.0,26.0,17.0,0.0,2.0,190.0,214.0,188.0,214.0,5.564923286437988,59.239048817324374,115.02206811128339,56.075405242241395,0.0782276523552637
P0200,P0200_01.jpg,P0200_01.jpg,.jpg,JPEG,L,1,8-bit,511735,499.741,0.48803,2032,2439,0.833128,4956048,0.0,236.0,236.0,33.771153548149655,0.0,54.1820124096312,0.0,62.0,62.0,0.0,0.0,147.0,171.0,147.0,171.0,4.3694047927856445,54.1820124096312,68.03504244546492,67.56064509463992,0.0011097551920401093
P0200,P0200_02.jpg,P0200_02.jpg,.jpg,JPEG,L,1,8-bit,420090,410.244,0.40063,2032,2439,0.833128,4956048,0.0,255.0,255.0,41.63831686053081,0.0,65.26582761929382,0.0,89.0,89.0,0.0,0.0,174.0,208.0,174.0,208.0,3.5372931957244873,65.26582761929382,49.19103088617933,66.54509802972045,0.010835246147737067
P0201,P0201_01.jpg,P0201_01.jpg,.jpg,JPEG,L,1,8-bit,578342,564.787,0.55155,2032,2439,0.833128,4956048,0.0,255.0,255.0,33.581069634515245,10.0,55.882441775414556,7.0,14.0,7.0,0.0,0.0,185.0,211.0,185.0,211.0,5.372133255004883,55.882441775414556,46.871376149256704,72.2590257398637,0.06220682285563013
P0201,P0201_02.jpg,P0201_02.jpg,.jpg,JPEG,L,1,8-bit,606158,591.951,0.57808,2032,2439,0.833128,4956048,0.0,255.0,255.0,34.958602095863476,9.0,52.85781561587609,7.0,36.0,29.0,0.0,0.0,165.0,199.0,165.0,199.0,5.608434677124023,52.85781561587609,48.22748017717635,69.14559745991161,0.0588372025452538
P0202,P0202_01.jpg,P0202_01.jpg,.jpg,JPEG,L,1,8-bit,702206,685.748,0.66968,2536,1399,1.812723,3547864,0.0,255.0,255.0,68.11959703077683,19.0,77.25816318945184,9.0,138.0,129.0,0.0,2.0,214.0,242.0,212.0,242.0,6.584995269775391,77.25816318945184,420.9144690263158,47.77719777308262,0.9760520696396481
P0203,P0203_01.jpg,P0203_01.jpg,.jpg,JPEG,L,1,8-bit,541181,528.497,0.51611,2032,2439,0.833128,4956048,0.0,255.0,255.0,46.0886210141629,19.0,56.23412398947947,16.0,29.0,13.0,1.0,9.0,178.0,205.0,169.0,204.0,5.806041717529297,56.23412398947947,42.17190170415356,9.173135530567905,0.07689594612481558
P0203,P0203_02.jpg,P0203_02.jpg,.jpg,JPEG,L,1,8-bit,552373,539.427,0.52678,2032,2439,0.833128,4956048,0.0,255.0,255.0,48.81774369416922,17.0,60.33407570342755,16.0,59.0,43.0,0.0,7.0,183.0,213.0,176.0,213.0,5.596309661865234,60.33407570342755,53.76946966660746,13.244343073351994,0.0942888365891533
P0204,P0204_01.jpg,P0204_01.jpg,.jpg,JPEG,L,1,8-bit,591822,577.951,0.56441,2032,2439,0.833128,4956048,0.0,255.0,255.0,64.97582610176495,41.0,53.707409447822336,34.0,52.0,18.0,17.0,27.0,190.0,215.0,163.0,198.0,6.245563983917236,53.707409447822336,77.06822976312091,0.3663201002088761,0.2225361820547339
P0204,P0204_02.jpg,P0204_02.jpg,.jpg,JPEG,L,1,8-bit,656871,641.476,0.62644,2032,2439,0.833128,4956048,0.0,255.0,255.0,66.61453480676539,35.0,61.55798652976683,30.0,80.0,50.0,13.0,22.0,200.0,228.0,178.0,215.0,6.211462020874023,61.55798652976683,86.0908101711579,0.9211371641275468,0.325037207064984
P0205,P0205_01.jpg,P0205_01.jpg,.jpg,JPEG,L,1,8-bit,675276,659.449,0.64399,2012,2735,0.735649,5502820,0.0,255.0,255.0,48.44495749452099,15.0,59.815766307426365,13.0,74.0,61.0,0.0,4.0,172.0,193.0,168.0,193.0,5.6896162033081055,59.815766307426365,61.65538233421786,24.869139822854464,0.04497693909668134
P0205,P0205_02.jpg,P0205_02.jpg,.jpg,JPEG,L,1,8-bit,736379,719.12,0.70227,2048,2852,0.718093,5840896,0.0,255.0,255.0,53.54748603638894,13.0,66.84354491318554,11.0,83.0,72.0,0.0,2.0,196.0,218.0,194.0,218.0,6.066746711730957,66.84354491318554,64.46687031500427,45.61069055158661,0.06608575122720899
P0206,P0206_01.jpg,P0206_01.jpg,.jpg,JPEG,L,1,8-bit,588518,574.725,0.56125,2176,1632,1.333333,3551232,0.0,255.0,255.0,74.7349339609465,36.0,75.63670166856659,8.0,149.0,141.0,0.0,1.0,200.0,229.0,199.0,229.0,6.563468933105469,75.63670166856659,171.9561608184929,46.335553407944055,0.5045854509083044
P0207,P0207_01.jpg,P0207_01.jpg,.jpg,JPEG,L,1,8-bit,679147,663.229,0.64769,2092,2621,0.798169,5483132,0.0,255.0,255.0,56.20480539224662,33.0,56.425516905367985,19.0,57.0,38.0,9.0,14.0,188.0,213.0,174.0,204.0,6.677379131317139,56.425516905367985,60.47263716025894,2.590107259865347,0.07357109039140404
P0207,P0207_02.jpg,P0207_02.jpg,.jpg,JPEG,L,1,8-bit,706571,690.011,0.67384,2156,2457,0.877493,5297292,0.0,255.0,255.0,75.70654647695464,50.0,58.2380317686765,35.0,82.0,47.0,23.0,29.0,202.0,223.0,173.0,200.0,6.838034629821777,58.2380317686765,82.27727351063294,0.14650881997820775,0.1532481124317859
P0208,P0208_01.jpg,P0208_01.jpg,.jpg,JPEG,L,1,8-bit,668400,652.734,0.63744,2452,2532,0.968404,6208464,0.0,255.0,255.0,34.496820147463204,9.0,61.57438862801884,2.0,18.0,16.0,0.0,0.0,192.0,220.0,192.0,220.0,5.6054205894470215,61.57438862801884,73.42646893785982,61.54488453182623,0.19631264673516668
P0208,P0208_02.jpg,P0208_02.jpg,.jpg,JPEG,L,1,8-bit,732208,715.047,0.69829,2352,2197,1.070551,5167344,0.0,255.0,255.0,75.58464367768045,48.0,59.757050667661474,35.0,87.0,52.0,18.0,26.0,202.0,223.0,176.0,205.0,6.896764278411865,59.757050667661474,101.96200411925376,0.24134255431804036,0.1375561603794909
P0209,P0209_01.jpg,P0209_01.jpg,.jpg,JPEG,L,1,8-bit,612616,598.258,0.58424,2032,2439,0.833128,4956048,0.0,255.0,255.0,48.65770609969879,20.0,56.70690358856282,16.0,49.0,33.0,2.0,9.0,178.0,201.0,169.0,199.0,6.220049858093262,56.70690358856282,65.7616004120211,10.442977953401583,0.057404609479165654
P0209,P0209_02.jpg,P0209_02.jpg,.jpg,JPEG,L,1,8-bit,621160,606.602,0.59238,2032,2439,0.833128,4956048,0.0,255.0,255.0,62.19501990295493,25.0,64.04426090349692,22.0,102.0,80.0,0.0,9.0,195.0,225.0,186.0,225.0,6.389314651489258,64.04426090349692,51.465974977608916,7.828495607790724,0.1837956371689701
P0210,P0210_01.jpg,P0210_01.jpg,.jpg,JPEG,L,1,8-bit,359196,350.777,0.34256,2096,1181,1.774767,2475376,0.0,255.0,255.0,53.63386006812702,24.0,50.87321411207121,21.0,72.0,51.0,15.0,15.0,171.0,212.0,156.0,197.0,6.278020858764648,50.87321411207121,138.185110448174,0.1808210146660548,0.05118414333822417
P0211,P0211_01.jpg,P0211_01.jpg,.jpg,JPEG,L,1,8-bit,548193,535.345,0.5228,2032,2439,0.833128,4956048,0.0,255.0,255.0,36.2038793813135,16.0,45.789582461384285,13.0,34.0,21.0,0.0,4.0,156.0,183.0,152.0,183.0,5.861353397369385,45.789582461384285,36.766928154242834,24.507369581569833,0.06164185657604607
P0211,P0211_02.jpg,P0211_02.jpg,.jpg,JPEG,L,1,8-bit,619027,604.519,0.59035,2032,2439,0.833128,4956048,0.0,255.0,255.0,43.34255903090527,20.0,43.807986404474185,15.0,58.0,43.0,0.0,5.0,143.0,170.0,138.0,170.0,6.420589923858643,43.807986404474185,34.42475710493868,15.809814594208934,0.06166203394317408
P0212,P0212_01.jpg,P0212_01.jpg,.jpg,JPEG,L,1,8-bit,569720,556.367,0.54333,2700,1498,1.802403,4044600,0.0,255.0,255.0,44.92832121841467,9.0,60.455836895791755,6.0,62.0,56.0,0.0,0.0,187.0,224.0,187.0,224.0,6.219517707824707,60.455836895791755,113.38507471136813,51.7439796271572,0.2672452158433467
P0213,P0213_01.jpg,P0213_01.jpg,.jpg,JPEG,L,1,8-bit,1376215,1343.96,1.31246,2408,2850,0.844912,6862800,0.0,255.0,255.0,59.580397359678265,19.0,65.6703690099026,11.0,116.0,105.0,0.0,1.0,187.0,215.0,186.0,215.0,6.829939842224121,65.6703690099026,231.10113014720864,33.82322084280469,0.052223582211342316
P0213,P0213_02.jpg,P0213_02.jpg,.jpg,JPEG,L,1,8-bit,730798,713.67,0.69694,2032,2439,0.833128,4956048,0.0,255.0,255.0,52.39635128634751,19.0,60.9135298039606,15.0,74.0,59.0,0.0,6.0,182.0,209.0,176.0,209.0,6.322360038757324,60.9135298039606,105.58308094269906,15.65594199249079,0.08254560892065613
P0213,P0213_03.jpg,P0213_03.jpg,.jpg,JPEG,L,1,8-bit,629494,614.74,0.60033,2032,2439,0.833128,4956048,0.0,255.0,255.0,36.03565804850962,7.0,56.5123042104158,5.0,36.0,31.0,0.0,0.0,175.0,204.0,175.0,204.0,5.5988898277282715,56.5123042104158,56.75721341900768,64.31469186739112,0.05667822426255758
P0214,P0214_01.jpg,P0214_01.jpg,.jpg,JPEG,L,1,8-bit,600094,586.029,0.57229,2032,2439,0.833128,4956048,0.0,255.0,255.0,60.35443926289656,34.0,54.64953355881206,28.0,56.0,28.0,12.0,21.0,186.0,211.0,165.0,199.0,6.3621416091918945,54.64953355881206,53.96704358450553,1.1196824566670864,0.0821420615780961
P0214,P0214_02.jpg,P0214_02.jpg,.jpg,JPEG,L,1,8-bit,633889,619.032,0.60452,2032,2439,0.833128,4956048,0.0,255.0,255.0,65.62050246486717,33.0,57.704237738552344,30.0,106.0,76.0,6.0,17.0,184.0,214.0,167.0,208.0,6.346200942993164,57.704237738552344,47.69867267532313,2.889580569034037,0.04848621320858878
P0215,P0215_01.jpg,P0215_01.jpg,.jpg,JPEG,L,1,8-bit,630553,615.774,0.60134,2032,2439,0.833128,4956048,0.0,255.0,255.0,54.19473378788906,27.0,58.78616428093041,22.0,36.0,14.0,6.0,15.0,190.0,216.0,175.0,210.0,5.98707389831543,58.78616428093041,110.72036857002179,3.2600370295041534,0.22164837790110184
P0215,P0215_02.jpg,P0215_02.jpg,.jpg,JPEG,L,1,8-bit,646454,631.303,0.61651,2032,2439,0.833128,4956048,0.0,255.0,255.0,53.474168732829064,19.0,64.99883648352632,15.0,71.0,56.0,1.0,8.0,193.0,218.0,185.0,217.0,6.0297651290893555,64.99883648352632,120.85887578003397,11.47224562796809,0.2364383880059273
P0216,P0216_01.jpg,P0216_01.jpg,.jpg,JPEG,L,1,8-bit,578374,564.818,0.55158,2032,2439,0.833128,4956048,0.0,255.0,255.0,42.50474955044826,14.0,56.220714272746406,12.0,41.0,29.0,0.0,4.0,173.0,198.0,169.0,198.0,5.805375099182129,56.220714272746406,55.45672650808061,30.487537650967063,0.0639824311628943
P0216,P0216_02.jpg,P0216_02.jpg,.jpg,JPEG,L,1,8-bit,560192,547.062,0.53424,2032,2439,0.833128,4956048,0.0,255.0,255.0,41.15126689652723,15.0,52.3234761351423,14.0,41.0,27.0,3.0,5.0,172.0,204.0,167.0,201.0,5.5623579025268555,52.3234761351423,58.55043203512004,19.544302234360927,0.07861102233069575
P0217,P0217_01.jpg,P0217_01.jpg,.jpg,JPEG,L,1,8-bit,563028,549.832,0.53695,2032,2439,0.833128,4956048,0.0,255.0,255.0,53.36189984439214,26.0,56.56585078203315,24.0,40.0,16.0,10.0,17.0,188.0,217.0,171.0,207.0,5.805544853210449,56.56585078203315,56.66843171186689,2.330748209056894,0.12257750530261208
P0217,P0217_02.jpg,P0217_02.jpg,.jpg,JPEG,L,1,8-bit,539773,527.122,0.51477,2032,2439,0.833128,4956048,0.0,255.0,255.0,48.883366343505955,18.0,59.42271742903031,14.0,69.0,55.0,0.0,3.0,182.0,215.0,179.0,215.0,6.047288417816162,59.42271742903031,48.86261911945681,18.528593750504434,0.09499504443863335
P0218,P0218_01.jpg,P0218_01.jpg,.jpg,JPEG,L,1,8-bit,612564,598.207,0.58419,2032,2439,0.833128,4956048,0.0,255.0,255.0,57.67100944139363,28.0,58.200306599273276,25.0,66.0,41.0,7.0,17.0,183.0,205.0,166.0,198.0,5.7505388259887695,58.200306599273276,51.96882630895597,2.518760915955616,0.06636336048399855
P0218,P0218_02.jpg,P0218_02.jpg,.jpg,JPEG,L,1,8-bit,541003,528.323,0.51594,2032,2439,0.833128,4956048,0.0,255.0,255.0,42.056810184243574,14.0,54.45787718635963,13.0,48.0,35.0,0.0,4.0,171.0,196.0,167.0,196.0,5.5420732498168945,54.45787718635963,40.035319545913744,24.473996216340115,0.06351835171895026
P0219,P0219_01.jpg,P0219_01.jpg,.jpg,JPEG,L,1,8-bit,611396,597.066,0.58307,2032,2439,0.833128,4956048,0.0,255.0,255.0,40.94755902283432,10.0,61.56554837609678,7.0,44.0,37.0,0.0,0.0,186.0,211.0,186.0,211.0,5.756412506103516,61.56554837609678,62.39545518082825,66.90292345836845,0.13424002350259723
P0219,P0219_02.jpg,P0219_02.jpg,.jpg,JPEG,L,1,8-bit,772616,754.508,0.73682,2032,2439,0.833128,4956048,0.0,255.0,255.0,62.20200207907591,23.0,67.33746901608497,13.0,115.0,102.0,0.0,3.0,193.0,232.0,190.0,232.0,6.786890983581543,67.33746901608497,98.58979097306707,22.47431824711948,0.6471688732635358
P0220,P0220_01.jpg,P0220_01.jpg,.jpg,JPEG,L,1,8-bit,786506,768.072,0.75007,2032,2439,0.833128,4956048,0.0,255.0,255.0,53.67728843627019,29.0,58.8325776572422,19.0,45.0,26.0,0.0,9.0,190.0,220.0,181.0,220.0,6.591920375823975,58.8325776572422,166.1413334520283,7.608784257133911,0.15609211210222337
P0220,P0220_02.jpg,P0220_02.jpg,.jpg,JPEG,L,1,8-bit,671186,655.455,0.64009,2032,2439,0.833128,4956048,0.0,255.0,255.0,56.86039259506768,26.0,61.33918117024694,23.0,38.0,15.0,8.0,16.0,195.0,219.0,179.0,211.0,5.903628349304199,61.33918117024694,121.05874276117467,2.557642702411276,0.10655667580297849
P0221,P0221_01.jpg,P0221_01.jpg,.jpg,JPEG,L,1,8-bit,650690,635.439,0.62055,2032,2439,0.833128,4956048,0.0,255.0,255.0,52.94868088444664,28.0,55.70216291738058,23.0,37.0,14.0,8.0,17.0,186.0,212.0,169.0,204.0,5.975185394287109,55.70216291738058,115.93423253855765,2.2760877215071362,0.08266667312342414
P0221,P0221_02.jpg,P0221_02.jpg,.jpg,JPEG,L,1,8-bit,755450,737.744,0.72045,2032,2439,0.833128,4956048,0.0,255.0,255.0,65.62396712057672,31.0,63.47593028993818,27.0,93.0,66.0,10.0,19.0,196.0,217.0,177.0,207.0,6.202108860015869,63.47593028993818,175.8900034023928,1.6252465674263041,0.11359857693065119
P0222,P0222_01.jpg,P0222_01.jpg,.jpg,JPEG,L,1,8-bit,833771,814.229,0.79515,2032,2439,0.833128,4956048,0.0,255.0,255.0,51.21274430756119,21.0,63.74422141582253,12.0,69.0,57.0,0.0,0.0,185.0,214.0,185.0,214.0,6.346495151519775,63.74422141582253,118.01254610148064,25.03482613566293,0.12298105264517212
P0222,P0222_02.jpg,P0222_02.jpg,.jpg,JPEG,L,1,8-bit,825563,806.214,0.78732,2032,2439,0.833128,4956048,0.0,255.0,255.0,53.811255661769216,14.0,72.21758682854039,8.0,92.0,84.0,0.0,0.0,203.0,230.0,203.0,230.0,6.252490997314453,72.21758682854039,153.62845543163485,42.101811766149154,0.3631522535697798
P0223,P0223_01.jpg,P0223_01.jpg,.jpg,JPEG,L,1,8-bit,923753,902.103,0.88096,2188,2699,0.810671,5905412,0.0,255.0,255.0,51.54826860513712,22.0,60.47213353669854,17.0,65.0,48.0,0.0,6.0,188.0,217.0,182.0,217.0,6.323350429534912,60.47213353669854,106.62564539944411,14.015161008241254,0.12827216797066826
P0223,P0223_02.jpg,P0223_02.jpg,.jpg,JPEG,L,1,8-bit,930403,908.597,0.8873,2188,2724,0.803231,5960112,0.0,255.0,255.0,47.68665303605033,20.0,52.26132478019906,15.0,72.0,57.0,0.0,4.0,160.0,188.0,156.0,188.0,6.3349504470825195,52.26132478019906,78.95901300719689,15.973911228513826,0.054545954841117086
P0224,P0224_01.jpg,P0224_01.jpg,.jpg,JPEG,L,1,8-bit,645639,630.507,0.61573,2420,1387,1.744773,3356540,0.0,255.0,255.0,77.36667073831981,28.0,85.22032805390543,0.0,164.0,164.0,0.0,0.0,218.0,242.0,218.0,242.0,5.544713973999023,85.22032805390543,214.3503495702542,44.72194581324816,0.9726086982428334
P0225,P0225_01.jpg,P0225_01.jpg,.jpg,JPEG,L,1,8-bit,605665,591.47,0.57761,2032,2439,0.833128,4956048,0.0,255.0,255.0,54.560298649246334,19.0,66.59738666352781,17.0,60.0,43.0,1.0,9.0,201.0,222.0,192.0,221.0,5.8581767082214355,66.59738666352781,68.07436793557791,9.5721833202584,0.10897795985833875
P0225,P0225_02.jpg,P0225_02.jpg,.jpg,JPEG,L,1,8-bit,732678,715.506,0.69874,2032,2439,0.833128,4956048,0.0,255.0,255.0,67.63419038717946,27.0,69.51720597391156,22.0,131.0,109.0,0.0,8.0,202.0,226.0,194.0,226.0,6.566700458526611,69.51720597391156,62.44962111829271,7.929604394469142,0.24360135333636798
P0226,P0226_01.jpg,P0226_01.jpg,.jpg,JPEG,L,1,8-bit,636228,621.316,0.60675,2432,1320,1.842424,3210240,0.0,255.0,255.0,58.83027779854466,22.0,67.38508160653845,9.0,104.0,95.0,0.0,1.0,198.0,233.0,197.0,233.0,6.83936882019043,67.38508160653845,350.2517026390849,42.84595544258373,0.5123292962519936
P0227,P0227_01.jpg,P0227_01.jpg,.jpg,JPEG,L,1,8-bit,531095,518.647,0.50649,2032,2439,0.833128,4956048,0.0,255.0,255.0,37.616702057768606,12.0,57.21258314357292,9.0,20.0,11.0,0.0,3.0,182.0,211.0,179.0,211.0,5.720089912414551,57.21258314357292,49.11545171980318,50.6143604743134,0.07713807453035161
P0227,P0227_02.jpg,P0227_02.jpg,.jpg,JPEG,L,1,8-bit,551421,538.497,0.52588,2032,2439,0.833128,4956048,0.0,255.0,255.0,39.4868439530852,12.0,57.69759924950128,8.0,36.0,28.0,0.0,2.0,181.0,210.0,179.0,210.0,5.905492305755615,57.69759924950128,47.364843844883005,54.044654127643646,0.05934163672345385
P0228,P0228_01.jpg,P0228_01.jpg,.jpg,JPEG,L,1,8-bit,697771,681.417,0.66545,2680,1701,1.575544,4558680,0.0,255.0,255.0,65.76971974343451,24.0,69.93149170079971,14.0,119.0,105.0,0.0,5.0,209.0,239.0,204.0,239.0,7.03007698059082,69.93149170079971,153.96252764850124,19.982231698649606,0.7663402563900077
P0229,P0229_01.jpg,P0229_01.jpg,.jpg,JPEG,L,1,8-bit,550285,537.388,0.52479,2032,2439,0.833128,4956048,0.0,255.0,255.0,45.50810242354392,26.0,49.539484686103606,17.0,38.0,21.0,5.0,12.0,169.0,196.0,157.0,191.0,6.238957405090332,49.539484686103606,37.443080847420575,5.380335299415987,0.051532995644917076
P0229,P0229_02.jpg,P0229_02.jpg,.jpg,JPEG,L,1,8-bit,629443,614.69,0.60028,2032,2439,0.833128,4956048,0.0,255.0,255.0,67.34770708435431,42.0,58.2599785848326,31.0,62.0,31.0,14.0,24.0,201.0,228.0,177.0,214.0,6.657062530517578,58.2599785848326,56.76986676284985,0.7041094032987574,0.2743920155736991
P0230,P0230_01.jpg,P0230_01.jpg,.jpg,JPEG,L,1,8-bit,547141,534.317,0.52179,2032,2439,0.833128,4956048,0.0,255.0,255.0,43.59458060131782,25.0,47.27975106022045,20.0,32.0,12.0,5.0,13.0,167.0,199.0,154.0,194.0,5.899277687072754,47.27975106022045,39.288269204730554,4.337649675709356,0.06497112215216641
P0230,P0230_02.jpg,P0230_02.jpg,.jpg,JPEG,L,1,8-bit,579928,566.336,0.55306,2032,2439,0.833128,4956048,0.0,255.0,255.0,43.03623512120948,24.0,44.02972813084893,19.0,34.0,15.0,2.0,12.0,148.0,180.0,136.0,178.0,6.055606365203857,44.02972813084893,42.531099887557524,5.797219881647635,0.06521325055770243
P0231,P0231_01.jpg,P0231_01.jpg,.jpg,JPEG,L,1,8-bit,860254,840.092,0.8204,2752,1944,1.415638,5349888,0.0,255.0,255.0,55.56267495693368,24.0,52.236641412672526,22.0,81.0,59.0,12.0,14.0,173.0,205.0,159.0,193.0,5.989376544952393,52.236641412672526,107.99054215594693,3.641552869891856,0.06265551727438032
P0232,P0232_01.jpg,P0232_01.jpg,.jpg,JPEG,L,1,8-bit,839435,819.761,0.80055,2600,2110,1.232227,5486000,0.0,255.0,255.0,44.31869230769231,10.0,54.16826994761326,8.0,73.0,65.0,0.0,1.0,165.0,194.0,164.0,194.0,5.90255069732666,54.16826994761326,74.72523406871005,57.166697047028805,0.044859642726941304
P0233,P0233_01.jpg,P0233_01.jpg,.jpg,JPEG,L,1,8-bit,547807,534.968,0.52243,2032,2439,0.833128,4956048,0.0,255.0,255.0,43.872371292610566,0.0,68.06507203089534,0.0,84.0,84.0,0.0,0.0,178.0,197.0,178.0,197.0,4.161574840545654,68.06507203089534,130.92145955798458,65.28925869967361,0.06305427227500622
P0233,P0233_02.jpg,P0233_02.jpg,.jpg,JPEG,L,1,8-bit,776979,758.769,0.74098,2032,2439,0.833128,4956048,0.0,255.0,255.0,61.248414462491084,16.0,72.42243802354558,11.0,125.0,114.0,0.0,3.0,199.0,219.0,196.0,219.0,6.412519454956055,72.42243802354558,244.17061205821213,34.51332594034602,0.12614889928426845
P0234,P0234_01.jpg,P0234_01.jpg,.jpg,JPEG,L,1,8-bit,838484,818.832,0.79964,2032,2439,0.833128,4956048,0.0,255.0,255.0,72.75319690204776,32.0,70.51412498918548,24.0,131.0,107.0,6.0,15.0,208.0,228.0,193.0,222.0,6.677800178527832,70.51412498918548,376.04028434855013,3.3902617569482785,0.2111763243616688
P0234,P0234_02.jpg,P0234_02.jpg,.jpg,JPEG,L,1,8-bit,715789,699.013,0.68263,2032,2439,0.833128,4956048,0.0,255.0,255.0,51.88312159204269,13.0,67.271110708937,9.0,86.0,77.0,0.0,1.0,191.0,212.0,190.0,212.0,6.191478729248047,67.271110708937,177.07660927843793,46.75545918845015,0.07681523665630358
P0235,P0235_01.jpg,P0235_01.jpg,.jpg,JPEG,L,1,8-bit,502230,490.459,0.47896,2032,2439,0.833128,4956048,0.0,255.0,255.0,34.3114314066369,15.0,47.21547421356541,12.0,22.0,10.0,0.0,6.0,163.0,197.0,157.0,197.0,5.65554141998291,47.21547421356541,42.22023244981184,28.98959009275132,0.06626247364835852
P0235,P0235_02.jpg,P0235_02.jpg,.jpg,JPEG,L,1,8-bit,520133,507.942,0.49604,2032,2439,0.833128,4956048,0.0,255.0,255.0,39.79012975661253,14.0,52.36789532246923,11.0,43.0,32.0,0.0,4.0,165.0,196.0,161.0,196.0,5.79990816116333,52.36789532246923,41.516916487990734,37.69323864498488,0.06704939096635061
P0236,P0236_01.jpg,P0236_01.jpg,.jpg,JPEG,L,1,8-bit,649735,634.507,0.61964,2596,1746,1.486827,4532616,0.0,255.0,255.0,71.0888533244378,27.0,70.33572378536115,16.0,135.0,119.0,1.0,7.0,205.0,237.0,198.0,236.0,7.054514408111572,70.33572378536115,100.80723908900869,12.823455593855734,0.6779528643061755
P0237,P0237_01.jpg,P0237_01.jpg,.jpg,JPEG,L,1,8-bit,507392,495.5,0.48389,2316,1520,1.523684,3520320,0.0,255.0,255.0,75.20818647168439,27.0,73.37327784208213,17.0,143.0,126.0,1.0,8.0,211.0,241.0,203.0,240.0,7.105093955993652,73.37327784208213,113.38474727075067,12.371858240159986,0.89852627033906
P0238,P0238_01.jpg,P0238_01.jpg,.jpg,JPEG,L,1,8-bit,641891,626.847,0.61215,2032,2439,0.833128,4956048,0.0,255.0,255.0,51.02327681249253,9.0,73.86198251552,3.0,93.0,90.0,0.0,0.0,202.0,223.0,202.0,223.0,6.017345428466797,73.86198251552,69.0783057599392,58.418259871575096,0.1187034508140357
P0238,P0238_02.jpg,P0238_02.jpg,.jpg,JPEG,L,1,8-bit,679922,663.986,0.64842,2032,2439,0.833128,4956048,0.0,255.0,255.0,57.81217393374721,14.0,73.38290103179594,7.0,115.0,108.0,0.0,1.0,203.0,224.0,202.0,224.0,6.421741485595703,73.38290103179594,60.252796498118954,47.31961837334909,0.1358743902399654
P0239,P0239_01.jpg,P0239_01.jpg,.jpg,JPEG,L,1,8-bit,709316,692.691,0.67646,2032,2439,0.833128,4956048,0.0,255.0,255.0,41.269679793254625,14.0,55.59358253968739,11.0,42.0,31.0,0.0,3.0,173.0,203.0,170.0,203.0,5.746129989624023,55.59358253968739,155.02472444692094,33.99954964116571,0.07689594612481558
P0239,P0239_02.jpg,P0239_02.jpg,.jpg,JPEG,L,1,8-bit,671404,655.668,0.6403,2032,2439,0.833128,4956048,0.0,255.0,255.0,42.599376357936805,13.0,54.12713223412882,9.0,58.0,49.0,0.0,0.0,165.0,195.0,165.0,195.0,6.1651763916015625,54.12713223412882,56.190580057325384,46.480946108673685,0.07031812444108694
P0240,P0240_01.jpg,P0240_01.jpg,.jpg,JPEG,L,1,8-bit,470884,459.848,0.44907,2440,1438,1.696801,3508720,0.0,255.0,255.0,50.76607737294512,12.0,62.332853846446824,11.0,87.0,76.0,0.0,5.0,182.0,209.0,177.0,209.0,5.899174690246582,62.332853846446824,144.83099134824178,51.14392143003717,0.09168585695068288
P0241,P0241_01.jpg,P0241_01.jpg,.jpg,JPEG,L,1,8-bit,463740,452.871,0.44226,2440,1400,1.742857,3416000,0.0,255.0,255.0,53.70839929742389,16.0,63.33456572455026,12.0,91.0,79.0,0.0,5.0,187.0,213.0,182.0,213.0,6.2841691970825195,63.33456572455026,178.17584612767573,25.05251756440281,0.1235655737704918
P0242,P0242_01.jpg,P0242_01.jpg,.jpg,JPEG,L,1,8-bit,325530,317.9,0.31045,2032,1125,1.806222,2286000,0.0,255.0,255.0,52.550768153980755,16.0,61.15360644270906,11.0,85.0,74.0,0.0,4.0,182.0,211.0,178.0,211.0,6.432524681091309,61.15360644270906,155.09006273107943,32.10892388451443,0.20826771653543308
P0243,P0243_01.jpg,P0243_01.jpg,.jpg,JPEG,L,1,8-bit,315743,308.343,0.30112,2032,1058,1.920605,2149856,0.0,255.0,255.0,56.531109990622625,14.0,63.73346910461338,13.0,99.0,86.0,0.0,5.0,186.0,215.0,181.0,215.0,6.185452461242676,63.73346910461338,305.2731827633043,24.151896685173334,0.25931969397020077
P0244,P0244_01.jpg,P0244_01.jpg,.jpg,JPEG,L,1,8-bit,859345,839.204,0.81954,2848,2439,1.167692,6946272,0.0,255.0,255.0,49.26485055580893,16.0,59.04024184098275,12.0,78.0,66.0,0.0,5.0,172.0,195.0,167.0,195.0,6.194860458374023,59.04024184098275,42.826867492895396,26.82807410939278,0.04287191748321977
P0245,P0245_01.jpg,P0245_01.jpg,.jpg,JPEG,L,1,8-bit,659339,643.886,0.62879,2440,2032,1.200787,4958080,0.0,255.0,255.0,45.81882563411643,14.0,54.030387046626515,11.0,73.0,62.0,0.0,3.0,164.0,197.0,161.0,197.0,6.108023166656494,54.030387046626515,45.318458834625275,35.72782206015231,0.047881437975990704
P0246,P0246_01.jpg,P0246_01.jpg,.jpg,JPEG,L,1,8-bit,660159,644.687,0.62958,2440,2032,1.200787,4958080,0.0,255.0,255.0,47.1453169372015,16.0,54.55894748691705,12.0,73.0,61.0,0.0,3.0,165.0,197.0,162.0,197.0,6.321045875549316,54.55894748691705,47.92479882446373,30.095702368658834,0.06020475668000516
P0247,P0247_01.jpg,P0247_01.jpg,.jpg,JPEG,L,1,8-bit,784775,766.382,0.74842,2032,2439,0.833128,4956048,0.0,255.0,255.0,71.77284340264663,34.0,68.34562381207925,28.0,109.0,81.0,12.0,21.0,211.0,231.0,190.0,219.0,6.4289350509643555,68.34562381207925,340.7710737859652,1.1179673804612063,0.3382332051666973
P0247,P0247_02.jpg,P0247_02.jpg,.jpg,JPEG,L,1,8-bit,796509,777.841,0.75961,2032,2439,0.833128,4956048,0.0,255.0,255.0,84.31122095669775,32.0,75.64016384282301,24.0,169.0,145.0,6.0,15.0,207.0,225.0,192.0,219.0,6.6820855140686035,75.64016384282301,86.4719311410596,3.444841535029523,0.20310537751046803
P0248,P0248_01.jpg,P0248_01.jpg,.jpg,JPEG,L,1,8-bit,666284,650.668,0.63542,2400,1700,1.411765,4080000,0.0,255.0,255.0,78.31601862745099,31.0,75.41039877889395,19.0,148.0,129.0,2.0,9.0,221.0,245.0,212.0,243.0,7.185477256774902,75.41039877889395,85.261587100619,9.231250000000001,1.2047303921568628
P0249,P0249_01.jpg,P0249_01.jpg,.jpg,JPEG,L,1,8-bit,677565,661.685,0.64618,2512,1594,1.57591,4004128,0.0,255.0,255.0,72.12432120052107,22.0,75.19549938022654,14.0,137.0,123.0,0.0,7.0,215.0,240.0,208.0,240.0,6.9065961837768555,75.19549938022654,165.64217444147732,19.030810203869606,0.8259725962806383
P0250,P0250_01.jpg,P0250_01.jpg,.jpg,JPEG,L,1,8-bit,538480,525.859,0.51353,2032,2439,0.833128,4956048,0.0,255.0,255.0,39.9385889725039,12.0,55.64816162640417,10.0,37.0,27.0,0.0,4.0,167.0,192.0,163.0,192.0,5.443514347076416,55.64816162640417,49.85527390541523,57.41215581447153,0.06658531152240657
P0250,P0250_02.jpg,P0250_02.jpg,.jpg,JPEG,L,1,8-bit,552007,539.069,0.52643,2032,2439,0.833128,4956048,0.0,255.0,255.0,41.18961357920666,12.0,57.0946614304084,10.0,52.0,42.0,0.0,1.0,179.0,212.0,178.0,212.0,5.5993757247924805,57.0946614304084,62.30118773501865,58.49900969482136,0.10657685317010651
P0251,P0251_01.jpg,P0251_01.jpg,.jpg,JPEG,L,1,8-bit,1095341,1069.669,1.0446,3244,2470,1.31336,8012680,0.0,255.0,255.0,61.110062051648136,25.0,63.52516951290598,18.0,107.0,89.0,0.0,8.0,187.0,209.0,179.0,209.0,6.793161392211914,63.52516951290598,49.92009421767862,11.971624974415551,0.044791505463839816
P0251,P0251_02.jpg,P0251_02.jpg,.jpg,JPEG,L,1,8-bit,520227,508.034,0.49613,2032,2439,0.833128,4956048,0.0,255.0,255.0,43.943414995173576,11.0,61.49380184257412,8.0,59.0,51.0,0.0,0.0,186.0,212.0,186.0,212.0,5.860882759094238,61.49380184257412,37.99754848858721,63.53429183898138,0.10324758759398618
P0251,P0251_03.jpg,P0251_03.jpg,.jpg,JPEG,L,1,8-bit,559362,546.252,0.53345,2032,2439,0.833128,4956048,0.0,255.0,255.0,47.75666175953098,16.0,57.179724453957334,15.0,61.0,46.0,0.0,6.0,176.0,200.0,170.0,200.0,5.797206878662109,57.179724453957334,38.72859568709253,15.566152708771183,0.06337711014905424
P0252,P0252_01.jpg,P0252_01.jpg,.jpg,JPEG,L,1,8-bit,641254,626.225,0.61155,2032,2439,0.833128,4956048,0.0,255.0,255.0,44.976694535646146,11.0,66.7213891209744,7.0,52.0,45.0,0.0,0.0,200.0,228.0,200.0,228.0,5.907691478729248,66.7213891209744,135.96339788001185,62.40922202529112,0.2893636219826765
P0252,P0252_02.jpg,P0252_02.jpg,.jpg,JPEG,L,1,8-bit,637787,622.839,0.60824,2032,2439,0.833128,4956048,0.0,255.0,255.0,54.09943648649085,9.0,74.71903044899896,6.0,92.0,86.0,0.0,0.0,209.0,233.0,209.0,233.0,5.885627746582031,74.71903044899896,56.33731491881926,62.51723147152731,0.446383892972788
P0253,P0253_01.jpg,P0253_01.jpg,.jpg,JPEG,L,1,8-bit,898326,877.271,0.85671,2976,2368,1.256757,7047168,0.0,255.0,255.0,45.10591630567059,17.0,57.05893617555109,11.0,46.0,35.0,0.0,5.0,173.0,199.0,168.0,199.0,6.252597808837891,57.05893617555109,63.66351163716726,31.723211366608545,0.04773548750363266
P0253,P0253_02.jpg,P0253_02.jpg,.jpg,JPEG,L,1,8-bit,405824,396.312,0.38702,2032,2439,0.833128,4956048,0.0,255.0,255.0,28.60323406875801,3.0,53.9725388997,1.0,22.0,21.0,0.0,0.0,166.0,202.0,166.0,202.0,4.591840744018555,53.9725388997,42.196519965276316,72.90649727363416,0.05663786952830158
P0253,P0253_03.jpg,P0253_03.jpg,.jpg,JPEG,L,1,8-bit,480226,468.971,0.45798,2032,2439,0.833128,4956048,0.0,255.0,255.0,33.723917322834644,12.0,50.94679758199453,10.0,20.0,10.0,0.0,2.0,168.0,206.0,166.0,206.0,5.120638847351074,50.94679758199453,49.1609172824295,61.71126671896641,0.07237621588814314
P0254,P0254_01.jpg,P0254_01.jpg,.jpg,JPEG,L,1,8-bit,550866,537.955,0.52535,2032,2439,0.833128,4956048,0.0,255.0,255.0,40.932467361090936,6.0,61.896559325714755,0.0,64.0,64.0,0.0,0.0,172.0,196.0,172.0,196.0,5.39652156829834,61.896559325714755,48.61015861661361,58.70939910186503,0.05607290324871752
P0254,P0254_02.jpg,P0254_02.jpg,.jpg,JPEG,L,1,8-bit,617356,602.887,0.58876,2032,2439,0.833128,4956048,0.0,255.0,255.0,54.42483466665375,22.0,59.979870327082146,15.0,103.0,88.0,0.0,0.0,173.0,207.0,173.0,207.0,6.349783420562744,59.979870327082146,44.899565697079794,19.364158700642125,0.004681149173696462
P0255,P0255_01.jpg,P0255_01.jpg,.jpg,JPEG,L,1,8-bit,535873,523.313,0.51105,1736,2439,0.711767,4234104,0.0,255.0,255.0,43.67047739025777,13.0,57.52344040868585,11.0,50.0,39.0,0.0,5.0,173.0,200.0,168.0,200.0,5.913496971130371,57.52344040868585,61.60205582838928,42.44869752844994,0.07834006911497687
P0255,P0255_02.jpg,P0255_02.jpg,.jpg,JPEG,L,1,8-bit,561119,547.968,0.53512,1816,2439,0.744567,4429224,0.0,255.0,255.0,45.927124480495905,14.0,57.900592640369204,11.0,58.0,47.0,0.0,4.0,175.0,202.0,171.0,202.0,6.016539573669434,57.900592640369204,52.069877349255364,35.423247954946504,0.07452772765613118
P0256,P0256_01.jpg,P0256_01.jpg,.jpg,JPEG,L,1,8-bit,898804,877.738,0.85717,2608,2324,1.122203,6060992,0.0,255.0,255.0,50.37773206102236,11.0,63.837276274293934,5.0,101.0,96.0,0.0,0.0,175.0,196.0,175.0,196.0,6.294487953186035,63.837276274293934,75.22648653340018,54.13315180089332,0.05084976188716303
P0257,P0257_01.jpg,P0257_01.jpg,.jpg,JPEG,L,1,8-bit,1068539,1043.495,1.01904,2848,2439,1.167692,6946272,0.0,255.0,255.0,53.71669306931833,15.0,63.03852673782302,8.0,112.0,104.0,0.0,0.0,173.0,192.0,173.0,192.0,6.551323890686035,63.03852673782302,81.57845512404434,43.80801673185271,0.04275674779219702
P0257,P0257_02.jpg,P0257_02.jpg,.jpg,JPEG,L,1,8-bit,673513,657.728,0.64231,2032,2439,0.833128,4956048,0.0,255.0,255.0,50.074339271936026,21.0,50.323706249654414,19.0,71.0,52.0,0.0,10.0,159.0,183.0,149.0,183.0,6.193070411682129,50.323706249654414,50.486132445124106,8.007932933660044,0.06382101222587029
P0257,P0257_03.jpg,P0257_03.jpg,.jpg,JPEG,L,1,8-bit,677447,661.569,0.64606,2032,2439,0.833128,4956048,0.0,255.0,255.0,67.80193069155101,19.0,74.78520594015797,14.0,138.0,124.0,0.0,7.0,208.0,227.0,201.0,227.0,6.493646621704102,74.78520594015797,64.09491809822366,15.874725184259717,0.17883200485548165
P0258,P0258_01.jpg,P0258_01.jpg,.jpg,JPEG,L,1,8-bit,1411701,1378.614,1.3463,2276,2800,0.812857,6372800,0.0,255.0,255.0,63.120991400954054,18.0,68.17338945556918,9.0,132.0,123.0,0.0,0.0,186.0,209.0,186.0,209.0,6.795193672180176,68.17338945556918,432.6650531940857,38.436370198342956,0.02050903841325634
P0258,P0258_02.jpg,P0258_02.jpg,.jpg,JPEG,L,1,8-bit,720028,703.152,0.68667,2032,2439,0.833128,4956048,0.0,255.0,255.0,42.076957083547214,11.0,55.116091112685645,7.0,62.0,55.0,0.0,0.0,164.0,193.0,164.0,193.0,6.247875213623047,55.116091112685645,64.49654851105835,54.9682529305608,0.0007263852166080716
P0258,P0258_03.jpg,P0258_03.jpg,.jpg,JPEG,L,1,8-bit,709312,692.688,0.67645,2032,2439,0.833128,4956048,0.0,255.0,255.0,50.95126943887549,9.0,68.78270962297728,7.0,84.0,77.0,0.0,0.0,193.0,214.0,193.0,214.0,5.946646690368652,68.78270962297728,82.70693291790744,60.86327251067786,0.06347799698469425
P0259,P0259_01.jpg,P0259_01.jpg,.jpg,JPEG,L,1,8-bit,523561,511.29,0.49931,2032,2439,0.833128,4956048,0.0,255.0,255.0,46.97528393591023,6.0,72.05592624346379,5.0,60.0,55.0,0.0,1.0,201.0,221.0,200.0,221.0,5.52824592590332,72.05592624346379,45.274698742367306,66.81735124437859,0.14366285395137415
P0259,P0259_02.jpg,P0259_02.jpg,.jpg,JPEG,L,1,8-bit,601659,587.558,0.57379,2032,2439,0.833128,4956048,0.0,255.0,255.0,62.8142289985892,14.0,76.87717316456768,11.0,138.0,127.0,0.0,4.0,208.0,227.0,204.0,227.0,6.024023056030273,76.87717316456768,55.43311851299276,42.31456192514681,0.16775463030220852
P0260,P0260_01.jpg,P0260_01.jpg,.jpg,JPEG,L,1,8-bit,838525,818.872,0.79968,2068,2658,0.778029,5496744,0.0,255.0,255.0,56.94215593813356,18.0,63.28640286222684,14.0,105.0,91.0,0.0,4.0,183.0,209.0,179.0,209.0,6.461865425109863,63.28640286222684,60.06646483398319,18.059418448448756,0.005494161634596772
P0261,P0261_01.jpg,P0261_01.jpg,.jpg,JPEG,L,1,8-bit,408472,398.898,0.38955,2440,1111,2.19622,2710840,0.0,255.0,255.0,67.08547239969899,24.0,69.43720350969758,16.0,135.0,119.0,1.0,5.0,196.0,219.0,191.0,218.0,6.87667179107666,69.43720350969758,161.2757150306183,16.707183013383307,0.1432028448746514
P0262,P0262_01.jpg,P0262_01.jpg,.jpg,JPEG,L,1,8-bit,411962,402.307,0.39288,2440,1114,2.190305,2718160,0.0,255.0,255.0,70.30280814963064,23.0,71.24915662357769,18.0,140.0,122.0,3.0,9.0,201.0,223.0,192.0,220.0,6.679460048675537,71.24915662357769,197.72827622097324,10.28625982282132,0.17909173852900492
P0263,P0263_01.jpg,P0263_01.jpg,.jpg,JPEG,L,1,8-bit,562310,549.131,0.53626,2032,2439,0.833128,4956048,0.0,255.0,255.0,40.86072229324655,12.0,60.15234644468808,9.0,35.0,26.0,0.0,1.0,182.0,225.0,181.0,225.0,5.581476211547852,60.15234644468808,58.38700034835539,57.84084415647306,0.253710214267497
P0263,P0263_02.jpg,P0263_02.jpg,.jpg,JPEG,L,1,8-bit,528890,516.494,0.50439,2032,2439,0.833128,4956048,0.0,255.0,255.0,50.00801384490223,15.0,60.065463939941765,14.0,82.0,68.0,0.0,6.0,174.0,207.0,168.0,207.0,5.721019744873047,60.065463939941765,43.72185835500264,18.028558238338288,0.0689662408435108
P0264,P0264_01.jpg,P0264_01.jpg,.jpg,JPEG,L,1,8-bit,638443,623.479,0.60887,2264,1821,1.243273,4122744,0.0,255.0,255.0,76.94216473300307,48.0,77.12423632470659,5.0,152.0,147.0,0.0,0.0,199.0,229.0,199.0,229.0,6.417419910430908,77.12423632470659,99.39977765491362,46.12180625331091,0.3820998829905519
P0265,P0265_01.jpg,P0265_01.jpg,.jpg,JPEG,L,1,8-bit,557553,544.485,0.53172,2312,1753,1.318882,4052936,0.0,255.0,255.0,66.46228437853448,21.0,73.78009485282452,6.0,133.0,127.0,0.0,0.0,202.0,228.0,202.0,228.0,6.639209747314453,73.78009485282452,91.18996400712744,48.664301632199475,0.2965257778558556
P0266,P0266_01.jpg,P0266_01.jpg,.jpg,JPEG,L,1,8-bit,683829,667.802,0.65215,2032,2439,0.833128,4956048,0.0,221.0,221.0,70.04869525073204,48.0,44.82540059516224,40.0,104.0,64.0,21.0,32.0,158.0,184.0,126.0,163.0,6.335904121398926,44.82540059516224,155.95975378133406,0.16694753561708847,0.022275813309314198
P0266,P0266_02.jpg,P0266_02.jpg,.jpg,JPEG,L,1,8-bit,740776,723.414,0.70646,2032,2439,0.833128,4956048,0.0,249.0,249.0,64.71688793167459,32.0,59.381364814308334,25.0,127.0,102.0,6.0,16.0,178.0,204.0,162.0,198.0,6.386786460876465,59.381364814308334,157.4565220172387,2.8763845709323235,0.01987470662108196
P0267,P0267_01.jpg,P0267_01.jpg,.jpg,JPEG,L,1,8-bit,771857,753.767,0.7361,2032,2439,0.833128,4956048,0.0,255.0,255.0,49.21352275038498,16.0,69.72103977270888,10.0,45.0,35.0,0.0,0.0,208.0,240.0,208.0,240.0,6.129039764404297,69.72103977270888,106.42361332479369,35.028413768389655,0.8587890997020207
P0267,P0267_02.jpg,P0267_02.jpg,.jpg,JPEG,L,1,8-bit,683157,667.146,0.65151,2032,2439,0.833128,4956048,0.0,255.0,255.0,62.78333139630609,31.0,60.662096392237835,26.0,97.0,71.0,7.0,15.0,191.0,215.0,176.0,208.0,6.3489532470703125,60.662096392237835,63.50085702756807,3.259290466920417,0.10205712293343407
P0268,P0268_01.jpg,P0268_01.jpg,.jpg,JPEG,L,1,8-bit,658546,643.111,0.62804,2316,1871,1.237841,4333236,0.0,255.0,255.0,51.99642576587105,20.0,60.056976632666164,7.0,84.0,77.0,0.0,0.0,177.0,233.0,177.0,233.0,6.468540191650391,60.056976632666164,95.8912692914916,48.33627801486002,0.5313811664077378
P0269,P0269_01.jpg,P0269_01.jpg,.jpg,JPEG,L,1,8-bit,768367,750.358,0.73277,2496,1650,1.512727,4118400,0.0,255.0,255.0,63.88624975718726,27.0,69.7586653502454,8.0,119.0,111.0,0.0,2.0,199.0,228.0,197.0,228.0,6.763482093811035,69.7586653502454,195.95719228082984,43.960907148407145,0.4093094405594406
P0270,P0270_01.jpg,P0270_01.jpg,.jpg,JPEG,L,1,8-bit,651549,636.278,0.62137,2524,1501,1.681546,3788524,0.0,255.0,255.0,75.92968184971245,38.0,70.66191917744581,16.0,139.0,123.0,0.0,6.0,206.0,234.0,200.0,234.0,7.377228736877441,70.66191917744581,117.1970105759817,16.848725255534873,0.5480498473811964
P0271,P0271_01.jpg,P0271_01.jpg,.jpg,JPEG,L,1,8-bit,546896,534.078,0.52156,1740,2439,0.713407,4243860,0.0,255.0,255.0,45.83399617329507,16.0,61.514693711172505,14.0,38.0,24.0,0.0,5.0,196.0,228.0,191.0,228.0,5.828179359436035,61.514693711172505,75.58095029948873,17.05221190142936,0.3574575975644814
P0271,P0271_02.jpg,P0271_02.jpg,.jpg,JPEG,L,1,8-bit,575194,561.713,0.54855,1760,2439,0.721607,4292640,0.0,255.0,255.0,45.3007843657982,5.0,66.36919680557516,2.0,84.0,82.0,0.0,0.0,184.0,220.0,184.0,220.0,5.682954788208008,66.36919680557516,59.99984511528209,62.86760594878677,0.2129691751462969
P0272,P0272_01.jpg,P0272_01.jpg,.jpg,JPEG,L,1,8-bit,620286,605.748,0.59155,2472,1465,1.687372,3621480,0.0,255.0,255.0,68.31686989849455,31.0,70.54345198574498,10.0,125.0,115.0,0.0,2.0,204.0,234.0,202.0,234.0,6.994670867919922,70.54345198574498,123.38810286903238,39.46519102687299,0.5431757182146526
P0273,P0273_01.jpg,P0273_01.jpg,.jpg,JPEG,L,1,8-bit,802465,783.657,0.76529,2680,1703,1.573693,4564040,0.0,255.0,255.0,90.50581151786575,83.0,73.07578222997444,17.0,159.0,142.0,3.0,9.0,202.0,225.0,193.0,222.0,6.972690582275391,73.07578222997444,113.73442242181915,9.694941323914778,0.04274721518654526
P0274,P0274_01.jpg,P0274_01.jpg,.jpg,JPEG,L,1,8-bit,616357,601.911,0.5878,1912,2439,0.783928,4663368,0.0,255.0,255.0,46.307515083519036,16.0,57.82476863885978,13.0,57.0,44.0,0.0,6.0,175.0,203.0,169.0,203.0,5.962237358093262,57.82476863885978,61.48848187638356,20.926506336193068,0.08386642443830296
P0274,P0274_02.jpg,P0274_02.jpg,.jpg,JPEG,L,1,8-bit,622732,608.137,0.59388,2032,2439,0.833128,4956048,0.0,255.0,255.0,43.657236975913065,14.0,55.57628605753924,11.0,56.0,45.0,0.0,3.0,169.0,200.0,166.0,200.0,6.0280561447143555,55.57628605753924,51.31619887733697,37.07280478316594,0.06991457709852689
P0275,P0275_01.jpg,P0275_01.jpg,.jpg,JPEG,L,1,8-bit,638836,623.863,0.60924,2440,1736,1.40553,4235840,0.0,255.0,255.0,65.20273829984136,26.0,73.91737917413582,9.0,112.0,103.0,0.0,0.0,218.0,252.0,218.0,252.0,6.989223003387451,73.91737917413582,63.27447136509905,38.574474012238426,1.822944209413009
P0276,P0276_01.jpg,P0276_01.jpg,.jpg,JPEG,L,1,8-bit,451763,441.175,0.43083,2104,1291,1.629744,2716264,0.0,255.0,255.0,63.986886399849205,26.0,71.70754254416403,7.0,125.0,118.0,0.0,0.0,200.0,230.0,200.0,230.0,6.804941654205322,71.70754254416403,157.81956574345222,42.4445488361956,0.5192794220296701
P0277,P0277_01.jpg,P0277_01.jpg,.jpg,JPEG,L,1,8-bit,443579,433.183,0.42303,2172,1259,1.725179,2734548,0.0,255.0,255.0,65.32037433608772,26.0,71.8569457074267,6.0,128.0,122.0,0.0,0.0,199.0,229.0,199.0,229.0,6.639453887939453,71.8569457074267,145.6380928311299,41.9793691681404,0.5056045825489258
P0278,P0278_01.jpg,P0278_01.jpg,.jpg,JPEG,L,1,8-bit,518330,506.182,0.49432,2224,1921,1.15773,4272304,0.0,255.0,255.0,45.52451815226632,16.0,57.2771095490991,11.0,58.0,47.0,0.0,3.0,177.0,206.0,174.0,206.0,6.365652084350586,57.2771095490991,52.24635809168999,32.61553953089481,0.09484343810740059
P0278,P0278_02.jpg,P0278_02.jpg,.jpg,JPEG,L,1,8-bit,433842,423.674,0.41374,2032,2439,0.833128,4956048,0.0,255.0,255.0,38.905598371928605,20.0,47.50342487701858,18.0,22.0,4.0,1.0,9.0,167.0,202.0,158.0,201.0,5.143393039703369,47.50342487701858,32.15757568866172,7.9449795482206795,0.09687153958153755
P0278,P0278_03.jpg,P0278_03.jpg,.jpg,JPEG,L,1,8-bit,433472,423.312,0.41339,2032,2439,0.833128,4956048,0.0,255.0,255.0,41.92469544282057,19.0,51.261210250951144,17.0,21.0,4.0,2.0,9.0,169.0,200.0,160.0,198.0,5.185286521911621,51.261210250951144,26.85145335240952,9.270390440124872,0.06652477942102256
P0279,P0279_01.jpg,P0279_01.jpg,.jpg,JPEG,L,1,8-bit,415026,405.299,0.3958,2004,1352,1.482249,2709408,0.0,255.0,255.0,63.345463658481854,29.0,67.34155915568024,8.0,120.0,112.0,0.0,0.0,189.0,226.0,189.0,226.0,6.766728401184082,67.34155915568024,144.83402971530006,44.50883735487604,0.5397858129894059
P0280,P0280_01.jpg,P0280_01.jpg,.jpg,JPEG,L,1,8-bit,392007,382.819,0.37385,2012,1199,1.678065,2412388,0.0,255.0,255.0,68.73658922196596,35.0,70.63091820537578,8.0,131.0,123.0,0.0,1.0,197.0,230.0,196.0,230.0,6.8148884773254395,70.63091820537578,197.67880074026627,42.25530884749883,0.5963800184713238
P0281,P0281_01.jpg,P0281_01.jpg,.jpg,JPEG,L,1,8-bit,786124,767.699,0.74971,2032,2439,0.833128,4956048,0.0,255.0,255.0,48.70706982660378,8.0,66.56224415798371,0.0,84.0,84.0,0.0,0.0,188.0,228.0,188.0,228.0,5.157136917114258,66.56224415798371,600.6291361683368,51.92098623742143,0.43583112996484297
P0281,P0281_02.jpg,P0281_02.jpg,.jpg,JPEG,L,1,8-bit,647685,632.505,0.61768,2032,2439,0.833128,4956048,0.0,255.0,255.0,57.264704659841875,6.0,79.35176744849664,0.0,132.0,132.0,0.0,0.0,211.0,239.0,211.0,239.0,5.318342208862305,79.35176744849664,118.20799982903686,53.70311183426794,0.7731967083450362
P0282,P0282_01.jpg,P0282_01.jpg,.jpg,JPEG,L,1,8-bit,591083,577.229,0.5637,2032,2439,0.833128,4956048,0.0,255.0,255.0,40.61229632965621,0.0,67.33758905196161,0.0,44.0,44.0,0.0,0.0,195.0,226.0,195.0,226.0,4.693991184234619,67.33758905196161,282.61563923101704,60.228754846603586,0.4204357988461774
P0282,P0282_02.jpg,P0282_02.jpg,.jpg,JPEG,L,1,8-bit,524917,512.614,0.5006,2032,2439,0.833128,4956048,0.0,255.0,255.0,45.87773685807724,0.0,78.91835090695753,0.0,61.0,61.0,0.0,0.0,221.0,250.0,221.0,250.0,4.047224998474121,78.91835090695753,133.00343286160435,68.52411437500201,1.6926591510009588
P0283,P0283_01.jpg,P0283_01.jpg,.jpg,JPEG,L,1,8-bit,587988,574.207,0.56075,2032,2439,0.833128,4956048,0.0,255.0,255.0,41.67236374627526,13.0,56.52179413747038,11.0,37.0,26.0,0.0,3.0,171.0,194.0,168.0,194.0,5.784612655639648,56.52179413747038,56.53448680803972,44.812419088757814,0.06307444964213423
P0283,P0283_02.jpg,P0283_02.jpg,.jpg,JPEG,L,1,8-bit,577941,564.396,0.55117,2032,2439,0.833128,4956048,0.0,255.0,255.0,43.228665057319866,12.0,55.518559475803315,11.0,57.0,46.0,0.0,2.0,169.0,195.0,167.0,195.0,5.722214698791504,55.518559475803315,52.42694070961089,54.85588517302495,0.06533431476047044
P0284,P0284_01.jpg,P0284_01.jpg,.jpg,JPEG,L,1,8-bit,635971,621.065,0.60651,2032,2497,0.813777,5073904,0.0,255.0,255.0,43.17384246923079,11.0,59.64414863628433,9.0,52.0,43.0,0.0,1.0,175.0,199.0,174.0,199.0,5.835078239440918,59.64414863628433,78.53409906391457,56.70562549074638,0.05209006713568093
P0284,P0284_02.jpg,P0284_02.jpg,.jpg,JPEG,L,1,8-bit,651138,635.877,0.62097,2032,2439,0.833128,4956048,0.0,255.0,255.0,61.82403883093949,27.0,62.56791355475884,22.0,94.0,72.0,0.0,6.0,192.0,224.0,186.0,224.0,6.569131851196289,62.56791355475884,61.27332507152188,9.52551307009133,0.35540414459262704
P0285,P0285_01.jpg,P0285_01.jpg,.jpg,JPEG,L,1,8-bit,502413,490.638,0.47914,1628,2183,0.745763,3553924,0.0,255.0,255.0,54.96753841669096,10.0,74.21632214822453,7.0,94.0,87.0,0.0,0.0,207.0,225.0,207.0,225.0,6.027470588684082,74.21632214822453,159.37178031913552,61.73941817551529,0.16215878561274805
P0285,P0285_02.jpg,P0285_02.jpg,.jpg,JPEG,L,1,8-bit,449188,438.66,0.42838,1628,2108,0.772296,3431824,0.0,255.0,255.0,67.98167534232525,13.0,75.50098650699846,10.0,144.0,134.0,0.0,1.0,202.0,222.0,201.0,222.0,6.470289707183838,75.50098650699846,61.36064398764327,43.839281967839845,0.1375944687140133
P0286,P0286_01.jpg,P0286_01.jpg,.jpg,JPEG,L,1,8-bit,460734,449.936,0.43939,2312,1184,1.952703,2737408,0.0,255.0,255.0,71.98723098639297,32.0,75.2848901080655,11.0,145.0,134.0,0.0,2.0,210.0,236.0,208.0,236.0,6.975273609161377,75.2848901080655,169.96309689257205,38.205338773029084,0.5754348639296737
P0287,P0287_01.jpg,P0287_01.jpg,.jpg,JPEG,L,1,8-bit,493812,482.238,0.47094,2244,1312,1.710366,2944128,0.0,255.0,255.0,68.12841934861528,28.0,73.76942147347933,11.0,132.0,121.0,0.0,3.0,211.0,239.0,208.0,239.0,6.795464515686035,73.76942147347933,148.48715302684795,37.78775922785966,0.7689543389417851
P0288,P0288_01.jpg,P0288_01.jpg,.jpg,JPEG,L,1,8-bit,1092043,1066.448,1.04145,2884,2707,1.065386,7806988,0.0,255.0,255.0,49.374159535021704,12.0,60.954579562356706,6.0,100.0,94.0,0.0,0.0,167.0,188.0,167.0,188.0,6.37971305847168,60.954579562356706,55.94392093727026,50.18231102699274,0.03417451134803845
P0288,P0288_02.jpg,P0288_02.jpg,.jpg,JPEG,L,1,8-bit,609899,595.604,0.58165,2032,2439,0.833128,4956048,0.0,255.0,255.0,57.932554527316924,19.0,62.69431130215643,17.0,107.0,90.0,0.0,8.0,182.0,203.0,174.0,203.0,5.971985340118408,62.69431130215643,51.91189984359303,10.742853983657946,0.06991457709852689
P0288,P0288_03.jpg,P0288_03.jpg,.jpg,JPEG,L,1,8-bit,651508,636.238,0.62133,2032,2439,0.833128,4956048,0.0,210.0,210.0,55.819800373200586,28.0,52.893829942924825,21.0,96.0,75.0,0.0,0.0,160.0,187.0,160.0,187.0,6.474188327789307,52.893829942924825,72.06778919343114,12.45655812857341,0.0035310392474003477
P0289,P0289_01.jpg,P0289_01.jpg,.jpg,JPEG,L,1,8-bit,553239,540.272,0.52761,2488,1263,1.969913,3142344,0.0,255.0,255.0,57.442293078033465,21.0,68.4695508818617,5.0,106.0,101.0,0.0,0.0,198.0,226.0,198.0,226.0,6.57794189453125,68.4695508818617,228.4509531029165,43.4538993821173,0.22457757648430599
P0290,P0290_01.jpg,P0290_01.jpg,.jpg,JPEG,L,1,8-bit,569697,556.345,0.54331,2560,1217,2.103533,3115520,0.0,255.0,255.0,60.77305072668447,23.0,69.93652749881393,6.0,112.0,106.0,0.0,0.0,202.0,227.0,202.0,227.0,6.736300468444824,69.93652749881393,237.27789815450006,42.13874409408381,0.24589795603944123
P0291,P0291_01.jpg,P0291_01.jpg,.jpg,JPEG,L,1,8-bit,518405,506.255,0.49439,2388,1283,1.861263,3063804,0.0,255.0,255.0,81.93073512535398,46.0,79.69886284396802,9.0,165.0,156.0,0.0,3.0,212.0,237.0,209.0,237.0,6.732443809509277,79.69886284396802,145.37383052063745,41.620547528497255,0.6235059422861253
P0292,P0292_01.jpg,P0292_01.jpg,.jpg,JPEG,L,1,8-bit,446127,435.671,0.42546,2268,1215,1.866667,2755620,0.0,255.0,255.0,65.70400563212634,24.0,72.90087388557947,9.0,123.0,114.0,0.0,0.0,205.0,236.0,205.0,236.0,6.888676643371582,72.90087388557947,150.8331430502048,42.96506775244773,0.587599160987364
P0293,P0293_01.jpg,P0293_01.jpg,.jpg,JPEG,L,1,8-bit,406551,397.022,0.38772,2136,1212,1.762376,2588832,0.0,255.0,255.0,61.212870128304964,25.0,69.69618631418595,8.0,107.0,99.0,0.0,0.0,201.0,236.0,201.0,236.0,6.679669380187988,69.69618631418595,246.86290956993818,44.65283958171098,0.6045969765515877
P0294,P0294_01.jpg,P0294_01.jpg,.jpg,JPEG,L,1,8-bit,555242,542.229,0.52952,2032,2439,0.833128,4956048,0.0,255.0,255.0,47.71409760357446,21.0,59.582488784727445,20.0,26.0,6.0,5.0,11.0,201.0,232.0,190.0,227.0,5.413634777069092,59.582488784727445,56.91453647095558,6.258413962092376,0.445980345630228
P0294,P0294_02.jpg,P0294_02.jpg,.jpg,JPEG,L,1,8-bit,555213,542.2,0.52949,2032,2439,0.833128,4956048,0.0,255.0,255.0,44.35728992132441,14.0,61.401639221963705,12.0,47.0,35.0,0.0,3.0,191.0,218.0,188.0,218.0,5.570878982543945,61.401639221963705,38.83556181117102,28.78148072819311,0.11825954873721965
P0295,P0295_01.jpg,P0295_01.jpg,.jpg,JPEG,L,1,8-bit,546736,533.922,0.52141,2404,1394,1.724534,3351176,0.0,222.0,222.0,71.26950568994287,80.0,66.92238075191212,0.0,131.0,131.0,0.0,0.0,174.0,199.0,174.0,199.0,5.468419075012207,66.92238075191212,183.94683436097242,40.27004251641812,0.03974724096854358
P0296,P0296_01.jpg,P0296_01.jpg,.jpg,JPEG,L,1,8-bit,524815,512.515,0.5005,2140,1612,1.327543,3449680,0.0,255.0,255.0,45.98969411655574,19.0,56.48632317498904,6.0,71.0,65.0,0.0,1.0,175.0,221.0,174.0,221.0,6.604360103607178,56.48632317498904,85.63808973325659,44.1606757728253,0.1779585352844322
P0297,P0297_01.jpg,P0297_01.jpg,.jpg,JPEG,L,1,8-bit,488181,476.739,0.46557,2260,1439,1.570535,3252140,0.0,255.0,255.0,60.005371539970604,25.0,66.51328628926625,16.0,92.0,76.0,0.0,3.0,205.0,237.0,202.0,237.0,6.965368270874023,66.51328628926625,89.53841614792624,19.222265954110217,0.6475428487088501
P0298,P0298_01.jpg,P0298_01.jpg,.jpg,JPEG,L,1,8-bit,645647,630.515,0.61574,2032,2439,0.833128,4956048,0.0,255.0,255.0,47.55998105748774,12.0,65.38591802576599,9.0,62.0,53.0,0.0,2.0,188.0,211.0,186.0,211.0,5.977800369262695,65.38591802576599,141.7800089339472,50.10558816218084,0.20518364632465225
P0298,P0298_02.jpg,P0298_02.jpg,.jpg,JPEG,L,1,8-bit,712830,696.123,0.67981,2032,2439,0.833128,4956048,0.0,255.0,255.0,63.492885460350664,19.0,71.80806951209178,16.0,123.0,107.0,1.0,8.0,204.0,228.0,196.0,227.0,6.306921482086182,71.80806951209178,125.4933755823245,10.69565912194555,0.31718821125219127
P0299,P0299_01.jpg,P0299_01.jpg,.jpg,JPEG,L,1,8-bit,428145,418.11,0.40831,1628,2032,0.801181,3308096,0.0,255.0,255.0,59.33197887848478,23.0,63.28936330418889,18.0,99.0,81.0,1.0,10.0,187.0,210.0,177.0,209.0,6.471027374267578,63.28936330418889,51.53281092661163,8.087733850529126,0.07789979492735398
P0299,P0299_02.jpg,P0299_02.jpg,.jpg,JPEG,L,1,8-bit,411821,402.169,0.39274,1628,2032,0.801181,3308096,0.0,255.0,255.0,55.765008028787555,22.0,62.30726575463008,15.0,84.0,69.0,0.0,1.0,189.0,221.0,188.0,221.0,6.7494049072265625,62.30726575463008,51.72856053236725,19.45212593588578,0.23342732496275803
P0300,P0300_01.jpg,P0300_01.jpg,.jpg,JPEG,L,1,8-bit,587951,574.171,0.56071,2032,2439,0.833128,4956048,0.0,255.0,255.0,46.9871369284559,23.0,52.4443274907823,21.0,39.0,18.0,1.0,11.0,173.0,198.0,162.0,197.0,5.634782791137695,52.4443274907823,43.717657460450575,6.410914502845816,0.06321569121203023
P0300,P0300_02.jpg,P0300_02.jpg,.jpg,JPEG,L,1,8-bit,678341,662.442,0.64692,2032,2439,0.833128,4956048,0.0,255.0,255.0,44.42352737503753,11.0,61.785169934253396,8.0,61.0,53.0,0.0,0.0,182.0,219.0,182.0,219.0,5.901445388793945,61.785169934253396,76.26065375325523,62.48914457648513,0.19434840017691515
P0301,P0301_01.jpg,P0301_01.jpg,.jpg,JPEG,L,1,8-bit,1121347,1095.065,1.0694,2532,2683,0.94372,6793356,0.0,255.0,255.0,48.236489740858566,15.0,58.60687328555301,10.0,71.0,61.0,0.0,1.0,176.0,206.0,175.0,206.0,6.525038719177246,58.60687328555301,107.92144134110661,40.045744695258136,0.015956767170747416
P0301,P0301_02.jpg,P0301_02.jpg,.jpg,JPEG,L,1,8-bit,651690,636.416,0.6215,2032,2439,0.833128,4956048,0.0,255.0,255.0,49.97753028219259,17.0,57.768557498365666,13.0,76.0,63.0,0.0,5.0,173.0,203.0,168.0,203.0,6.426807403564453,57.768557498365666,35.33732889906575,22.204022237072767,0.010229925133897009
P0301,P0301_03.jpg,P0301_03.jpg,.jpg,JPEG,L,1,8-bit,580006,566.412,0.55314,2032,2439,0.833128,4956048,0.0,255.0,255.0,37.50321425458349,8.0,56.983009106465495,6.0,44.0,38.0,0.0,0.0,175.0,203.0,175.0,203.0,5.5896430015563965,56.983009106465495,41.710243771703254,66.78163730456203,0.06515271845631843
P0302,P0302_01.jpg,P0302_01.jpg,.jpg,JPEG,L,1,8-bit,664514,648.939,0.63373,2032,2439,0.833128,4956048,0.0,255.0,255.0,47.49661161473819,18.0,59.1798643901121,16.0,42.0,26.0,1.0,8.0,183.0,208.0,175.0,207.0,5.679744720458984,59.1798643901121,96.29735855052941,11.054937321026753,0.0771178971632236
P0302,P0302_02.jpg,P0302_02.jpg,.jpg,JPEG,L,1,8-bit,665653,650.052,0.63482,2032,2439,0.833128,4956048,0.0,255.0,255.0,52.01143713700917,20.0,59.107047410951544,16.0,77.0,61.0,0.0,7.0,177.0,203.0,170.0,203.0,6.260132789611816,59.107047410951544,46.917259333263836,12.298044732415828,0.07806623341823969
P0303,P0303_01.jpg,P0303_01.jpg,.jpg,JPEG,L,1,8-bit,735820,718.574,0.70173,2032,2439,0.833128,4956048,0.0,255.0,255.0,66.65677753726357,45.0,55.16879302939151,27.0,84.0,57.0,4.0,16.0,182.0,209.0,166.0,205.0,7.0537519454956055,55.16879302939151,56.07728247455227,3.1577579555323116,0.10286421761855413
P0303,P0303_02.jpg,P0303_02.jpg,.jpg,JPEG,L,1,8-bit,603830,589.678,0.57586,2032,2439,0.833128,4956048,0.0,255.0,255.0,50.88382215022938,21.0,60.05449004335332,16.0,62.0,46.0,0.0,9.0,193.0,219.0,184.0,219.0,6.375208854675293,60.05449004335332,47.67566447774653,10.183497012135476,0.1794171485021937
P0304,P0304_01.jpg,P0304_01.jpg,.jpg,JPEG,L,1,8-bit,520557,508.356,0.49644,2032,2439,0.833128,4956048,0.0,255.0,255.0,40.13001387395764,14.0,59.51499718455873,9.0,23.0,14.0,0.0,5.0,189.0,214.0,184.0,214.0,5.777206897735596,59.51499718455873,52.12736410036393,43.894449771269365,0.07774339554419167
P0304,P0304_02.jpg,P0304_02.jpg,.jpg,JPEG,L,1,8-bit,537033,524.446,0.51215,2032,2439,0.833128,4956048,0.0,255.0,255.0,37.496791395079306,10.0,57.78390026589734,7.0,29.0,22.0,0.0,2.0,181.0,210.0,179.0,210.0,5.725885391235352,57.78390026589734,46.28001006485178,60.852174958757466,0.07372809948571928
P0305,P0305_01.jpg,P0305_01.jpg,.jpg,JPEG,L,1,8-bit,497689,486.024,0.47463,2128,1292,1.647059,2749376,0.0,255.0,255.0,66.72275672734467,24.0,74.07030584124743,10.0,127.0,117.0,0.0,1.0,210.0,240.0,209.0,240.0,6.755410194396973,74.07030584124743,273.1338770820905,45.10641687422891,0.8651781349658978
P0306,P0306_01.jpg,P0306_01.jpg,.jpg,JPEG,L,1,8-bit,646055,630.913,0.61613,2032,2439,0.833128,4956048,0.0,255.0,255.0,47.02766337210616,23.0,52.24838376079788,18.0,38.0,20.0,3.0,11.0,171.0,199.0,160.0,196.0,6.1072869300842285,52.24838376079788,57.592283537327155,6.410551310237513,0.06632300574974254
P0306,P0306_02.jpg,P0306_02.jpg,.jpg,JPEG,L,1,8-bit,751792,734.172,0.71696,2032,2439,0.833128,4956048,0.0,255.0,255.0,49.44664983067153,24.0,50.248271946224605,18.0,79.0,61.0,1.0,9.0,157.0,186.0,148.0,185.0,6.417342185974121,50.248271946224605,79.92949980756559,9.315728984061494,0.06670637572517457
P0307,P0307_01.jpg,P0307_01.jpg,.jpg,JPEG,L,1,8-bit,1017330,993.486,0.9702,2440,2845,0.857645,6941800,0.0,255.0,255.0,55.56539528652511,16.0,63.247485978242416,10.0,111.0,101.0,0.0,2.0,176.0,196.0,174.0,196.0,6.524829864501953,63.247485978242416,58.98347785696977,42.27855887521969,0.043706243337462904
P0307,P0307_02.jpg,P0307_02.jpg,.jpg,JPEG,L,1,8-bit,847632,827.766,0.80836,2032,2439,0.833128,4956048,0.0,255.0,255.0,57.81445014253292,32.0,59.79043286749511,10.0,105.0,95.0,0.0,0.0,176.0,206.0,176.0,206.0,7.021765232086182,59.79043286749511,83.66697946472591,29.0905979925941,0.09523717284416938
P0307,P0307_03.jpg,P0307_03.jpg,.jpg,JPEG,L,1,8-bit,638172,623.215,0.60861,2032,2439,0.833128,4956048,0.0,255.0,255.0,70.04704050485387,33.0,69.8822287572404,23.0,112.0,89.0,6.0,16.0,215.0,235.0,199.0,229.0,6.7586259841918945,69.8822287572404,54.6601828512133,3.104166868440338,0.47673065313330293
P0308,P0308_01.jpg,P0308_01.jpg,.jpg,JPEG,L,1,8-bit,545253,532.474,0.51999,2032,2439,0.833128,4956048,0.0,255.0,255.0,40.532228299645205,19.0,50.65776896142726,14.0,28.0,14.0,0.0,8.0,169.0,196.0,161.0,196.0,5.946717262268066,50.65776896142726,42.80157676458817,13.291739708735669,0.07570548146426347
P0308,P0308_02.jpg,P0308_02.jpg,.jpg,JPEG,L,1,8-bit,540996,528.316,0.51593,2032,2439,0.833128,4956048,0.0,255.0,255.0,40.78771230625692,17.0,50.42293365571545,13.0,41.0,28.0,0.0,7.0,165.0,193.0,158.0,193.0,6.0037126541137695,50.42293365571545,47.02114843015517,18.147261689152323,0.08066911377775196
P0309,P0309_01.jpg,P0309_01.jpg,.jpg,JPEG,L,1,8-bit,686579,670.487,0.65477,2592,1270,2.040945,3291840,0.0,255.0,255.0,88.12403519004569,45.0,80.17318964533591,17.0,169.0,152.0,5.0,9.0,221.0,245.0,212.0,240.0,7.060778617858887,80.17318964533591,372.1924291227502,9.990673908816953,1.248632983377078
P0310,P0310_01.jpg,P0310_01.jpg,.jpg,JPEG,L,1,8-bit,559850,546.729,0.53391,2032,2439,0.833128,4956048,0.0,255.0,255.0,41.77691015099127,14.0,56.091477220342895,12.0,38.0,26.0,0.0,4.0,169.0,192.0,165.0,192.0,5.495341777801514,56.091477220342895,42.50009831613951,35.48857880311086,0.04963632313488489
P0310,P0310_02.jpg,P0310_02.jpg,.jpg,JPEG,L,1,8-bit,585590,571.865,0.55846,1784,2600,0.686154,4638400,0.0,255.0,255.0,57.610618101069335,14.0,69.50777027552664,12.0,104.0,92.0,0.0,2.0,198.0,223.0,196.0,223.0,6.04719352722168,69.50777027552664,41.07005662675132,27.619480855467405,0.1446619523973784
P0311,P0311_01.jpg,P0311_01.jpg,.jpg,JPEG,L,1,8-bit,643948,628.855,0.61412,2224,2720,0.817647,6049280,0.0,255.0,255.0,37.31885811203978,5.0,63.26250080940202,4.0,21.0,17.0,0.0,0.0,182.0,203.0,182.0,203.0,5.082598686218262,63.26250080940202,82.06747829179254,73.42650695619974,0.04559220270842149
P0311,P0311_02.jpg,P0311_02.jpg,.jpg,JPEG,L,1,8-bit,747356,729.84,0.71273,2104,2510,0.838247,5281040,0.0,255.0,255.0,55.75887685001439,17.0,68.98098089412152,12.0,89.0,77.0,0.0,5.0,198.0,220.0,193.0,220.0,6.367428779602051,68.98098089412152,129.00580121440657,28.90826428127793,0.11187190401890537
P0312,P0312_01.jpg,P0312_01.jpg,.jpg,JPEG,L,1,8-bit,728889,711.806,0.69512,2032,2439,0.833128,4956048,0.0,255.0,255.0,62.80394620875342,27.0,66.01978658595107,25.0,86.0,61.0,2.0,14.0,203.0,227.0,189.0,225.0,6.044024467468262,66.01978658595107,158.84686698334738,4.3713862335473745,0.19854529253953956
P0312,P0312_02.jpg,P0312_02.jpg,.jpg,JPEG,L,1,8-bit,680618,664.666,0.64909,2032,2439,0.833128,4956048,0.0,255.0,255.0,61.195563077678024,18.0,71.72223432945181,16.0,110.0,94.0,0.0,8.0,207.0,227.0,199.0,227.0,5.857620716094971,71.72223432945181,104.30926291851799,11.437358960203776,0.202822894370676
P0313,P0313_01.jpg,P0313_01.jpg,.jpg,JPEG,L,1,8-bit,627831,613.116,0.59875,2032,2439,0.833128,4956048,0.0,255.0,255.0,56.66649394840405,27.0,58.54108134879819,25.0,40.0,15.0,4.0,15.0,185.0,210.0,170.0,206.0,5.662275314331055,58.54108134879819,61.77407263582842,3.337275990870145,0.058191526797157736
P0313,P0313_02.jpg,P0313_02.jpg,.jpg,JPEG,L,1,8-bit,664290,648.721,0.63352,2032,2439,0.833128,4956048,0.0,255.0,255.0,52.073131051192405,20.0,64.60760171255585,11.0,92.0,81.0,0.0,0.0,192.0,225.0,192.0,225.0,6.412405014038086,64.60760171255585,51.45040754638708,28.109332274425107,0.01594012003112157
P0314,P0314_01.jpg,P0314_01.jpg,.jpg,JPEG,L,1,8-bit,1059202,1034.377,1.01013,2032,2439,0.833128,4956048,0.0,255.0,255.0,57.178079187287935,12.0,66.85483251083316,7.0,118.0,111.0,0.0,0.0,183.0,207.0,183.0,207.0,6.380553245544434,66.85483251083316,535.5616641522431,52.909616694592145,0.07939793964868783
P0314,P0314_02.jpg,P0314_02.jpg,.jpg,JPEG,L,1,8-bit,1059965,1035.122,1.01086,2032,2439,0.833128,4956048,0.0,255.0,255.0,59.37060335170281,11.0,71.1053269068438,6.0,113.0,107.0,0.0,0.0,202.0,229.0,202.0,229.0,6.529583930969238,71.1053269068438,329.3800438328325,53.78626276420244,0.33310815391618487
P0315,P0315_01.jpg,P0315_01.jpg,.jpg,JPEG,L,1,8-bit,629591,614.835,0.60042,2032,2439,0.833128,4956048,0.0,255.0,255.0,65.75986330237318,38.0,56.269198159868665,30.0,79.0,49.0,15.0,23.0,188.0,210.0,165.0,195.0,6.4907402992248535,56.269198159868665,55.95604960026041,0.5527387951044865,0.07800570131685569
P0315,P0315_02.jpg,P0315_02.jpg,.jpg,JPEG,L,1,8-bit,637291,622.354,0.60777,2032,2439,0.833128,4956048,0.0,255.0,255.0,55.56887503914409,24.0,53.95600257439469,20.0,102.0,82.0,4.0,12.0,163.0,188.0,151.0,184.0,6.199498653411865,53.95600257439469,48.12463283970771,5.20822235781413,0.06672655309230258
P0316,P0316_01.jpg,P0316_01.jpg,.jpg,JPEG,L,1,8-bit,621953,607.376,0.59314,2032,2439,0.833128,4956048,0.0,255.0,255.0,45.30444539681617,17.0,55.90759729099691,12.0,49.0,37.0,0.0,5.0,170.0,192.0,165.0,192.0,6.120584487915039,55.90759729099691,66.69040886370165,25.397796792928563,0.05252168663418918
P0316,P0316_02.jpg,P0316_02.jpg,.jpg,JPEG,L,1,8-bit,644943,629.827,0.61507,2032,2439,0.833128,4956048,0.0,255.0,255.0,71.32981460227988,39.0,61.529937008532336,35.0,101.0,66.0,4.0,18.0,205.0,234.0,187.0,230.0,6.717254638671875,61.529937008532336,55.499337751609254,2.9049355454184465,0.5961806665310747
P0317,P0317_01.jpg,P0317_01.jpg,.jpg,JPEG,L,1,8-bit,609452,595.168,0.58122,2032,2439,0.833128,4956048,0.0,255.0,255.0,51.98654290676765,21.0,57.2229184077609,19.0,72.0,53.0,1.0,10.0,175.0,201.0,165.0,200.0,5.8482842445373535,57.2229184077609,50.49870730626847,7.745102549450691,0.06386136696012629
P0317,P0317_02.jpg,P0317_02.jpg,.jpg,JPEG,L,1,8-bit,663582,648.029,0.63284,2032,2439,0.833128,4956048,0.0,255.0,255.0,49.52917485867772,22.0,52.88338637153937,19.0,61.0,42.0,0.0,7.0,168.0,203.0,161.0,203.0,6.04746675491333,52.88338637153937,66.9881936162505,9.586368009349384,0.08381678304972026
P0318,P0318_01.jpg,P0318_01.jpg,.jpg,JPEG,L,1,8-bit,1025935,1001.89,0.97841,2848,2439,1.167692,6946272,0.0,255.0,255.0,65.70731336175722,25.0,66.61785277535324,17.0,131.0,114.0,0.0,8.0,188.0,210.0,180.0,210.0,6.795467376708984,66.61785277535324,55.54936835218455,10.402774322687048,0.052171870033307075
P0318,P0318_02.jpg,P0318_02.jpg,.jpg,JPEG,L,1,8-bit,595858,581.893,0.56825,1832,2439,0.751128,4468248,0.0,255.0,255.0,68.42712826145728,33.0,59.25100952027275,31.0,107.0,76.0,10.0,21.0,190.0,216.0,169.0,206.0,6.328707695007324,59.25100952027275,57.02633408547563,1.6363236776472567,0.1409948597302567
P0318,P0318_03.jpg,P0318_03.jpg,.jpg,JPEG,L,1,8-bit,535852,523.293,0.51103,1772,2438,0.726825,4320136,0.0,255.0,255.0,47.486651809109716,9.0,67.9943872003984,6.0,66.0,60.0,0.0,0.0,207.0,235.0,207.0,235.0,6.097337245941162,67.9943872003984,68.89639581846647,60.772392350611184,0.6021338217130201
P0319,P0319_01.jpg,P0319_01.jpg,.jpg,JPEG,L,1,8-bit,648754,633.549,0.6187,2032,2439,0.833128,4956048,0.0,255.0,255.0,66.68763014401797,42.0,53.03105003245111,30.0,80.0,50.0,18.0,24.0,180.0,205.0,156.0,187.0,6.732792854309082,53.03105003245111,57.661285308255074,0.20629340151669234,0.07580636829990348
P0319,P0319_02.jpg,P0319_02.jpg,.jpg,JPEG,L,1,8-bit,646094,630.951,0.61616,2032,2439,0.833128,4956048,0.0,255.0,255.0,56.884256770717315,26.0,57.89571535989775,20.0,78.0,58.0,6.0,14.0,181.0,207.0,167.0,201.0,6.450558185577393,57.89571535989775,53.06366959441322,4.04201089254987,0.0821622389452241
P0320,P0320_01.jpg,P0320_01.jpg,.jpg,JPEG,L,1,8-bit,872294,851.85,0.83188,2800,2439,1.148011,6829200,0.0,255.0,255.0,38.15055453054531,11.0,54.917861566487666,8.0,40.0,32.0,0.0,0.0,168.0,195.0,168.0,195.0,5.681247234344482,54.917861566487666,56.93884638620081,65.70093129502723,0.037954665260938325
P0321,P0321_01.jpg,P0321_01.jpg,.jpg,JPEG,L,1,8-bit,470776,459.742,0.44897,2216,1299,1.705928,2878584,0.0,255.0,255.0,53.221905631379876,15.0,66.74764207036567,4.0,89.0,85.0,0.0,0.0,197.0,227.0,197.0,227.0,6.533578872680664,66.74764207036567,86.81949569778303,48.1739633097384,0.3201574107269407
P0322,P0322_01.jpg,P0322_01.jpg,.jpg,JPEG,L,1,8-bit,437934,427.67,0.41765,2100,1206,1.741294,2532600,0.0,255.0,255.0,61.158060096343675,19.0,72.83820520628205,6.0,114.0,108.0,0.0,0.0,206.0,234.0,206.0,234.0,6.708093166351318,72.83820520628205,171.5243929016022,46.27173655531864,0.5144910368790966
P0323,P0323_01.jpg,P0323_01.jpg,.jpg,JPEG,L,1,8-bit,420788,410.926,0.40129,2116,1142,1.85289,2416472,0.0,255.0,255.0,69.28666047030546,34.0,73.37955214957385,10.0,131.0,121.0,0.0,0.0,210.0,239.0,210.0,239.0,6.991753578186035,73.37955214957385,262.83333321988323,39.34785919307156,0.7567644069536084
P0324,P0324_01.jpg,P0324_01.jpg,.jpg,JPEG,L,1,8-bit,724522,707.541,0.69096,2032,2439,0.833128,4956048,0.0,255.0,255.0,69.04962300607258,40.0,59.71278236872051,25.0,116.0,91.0,9.0,17.0,185.0,207.0,168.0,198.0,6.924387454986572,59.71278236872051,147.00743168542596,2.027381494287384,0.05845383256982176
P0324,P0324_02.jpg,P0324_02.jpg,.jpg,JPEG,L,1,8-bit,747098,729.588,0.71249,2032,2439,0.833128,4956048,0.0,255.0,255.0,75.33227563574849,32.0,72.24121878184621,22.0,144.0,122.0,0.0,1.0,211.0,239.0,210.0,239.0,7.064520835876465,72.24121878184621,84.69340737367735,11.483827436699563,0.8038057742782153
P0325,P0325_01.jpg,P0325_01.jpg,.jpg,JPEG,L,1,8-bit,656370,640.986,0.62596,2032,2439,0.833128,4956048,0.0,255.0,255.0,47.394596258954714,13.0,66.5778029568798,10.0,48.0,38.0,0.0,2.0,197.0,218.0,195.0,218.0,6.038204193115234,66.5778029568798,88.6123617040749,45.30581624713885,0.08040680800508793
P0325,P0325_02.jpg,P0325_02.jpg,.jpg,JPEG,L,1,8-bit,768841,750.821,0.73322,2032,2439,0.833128,4956048,0.0,255.0,255.0,59.23117451646957,19.0,70.3397842570775,14.0,92.0,78.0,0.0,5.0,212.0,238.0,207.0,238.0,6.483402252197266,70.3397842570775,95.84671092843584,17.611572769271,0.6265879587929737
P0326,P0326_01.jpg,P0326_01.jpg,.jpg,JPEG,L,1,8-bit,740881,723.517,0.70656,2440,2032,1.200787,4958080,0.0,255.0,255.0,64.56654450916484,22.0,70.39455005296502,13.0,110.0,97.0,0.0,5.0,210.0,239.0,205.0,239.0,6.967402458190918,70.39455005296502,123.9645941845373,20.685466954950304,0.7855460178133471
P0327,P0327_01.jpg,P0327_01.jpg,.jpg,JPEG,L,1,8-bit,892388,871.473,0.85105,2728,2032,1.34252,5543296,0.0,255.0,255.0,67.97521456548596,23.0,71.53109555609468,13.0,127.0,114.0,0.0,7.0,207.0,237.0,200.0,237.0,6.967099189758301,71.53109555609468,141.65563983891346,23.937743898215068,0.6615378287574757
P0328,P0328_01.jpg,P0328_01.jpg,.jpg,JPEG,L,1,8-bit,838649,818.993,0.7998,2680,2032,1.318898,5445760,0.0,255.0,255.0,66.35098810817958,24.0,70.40892930345845,14.0,119.0,105.0,0.0,5.0,207.0,237.0,202.0,237.0,7.024176597595215,70.40892930345845,112.51406131380595,17.51362527911623,0.6936405570572336
P0329,P0329_01.jpg,P0329_01.jpg,.jpg,JPEG,L,1,8-bit,796501,777.833,0.7596,2160,2740,0.788321,5918400,0.0,255.0,255.0,90.92127872397946,66.0,63.42311033965372,41.0,142.0,101.0,17.0,27.0,211.0,235.0,184.0,218.0,7.390718460083008,63.42311033965372,74.75654831992468,0.5288422546634226,0.4684374155177075
P0329,P0329_02.jpg,P0329_02.jpg,.jpg,JPEG,L,1,8-bit,912024,890.648,0.86977,2180,2702,0.80681,5890360,0.0,255.0,255.0,85.37540405000713,53.0,68.89416027310693,29.0,157.0,128.0,5.0,15.0,206.0,230.0,191.0,225.0,7.423910617828369,68.89416027310693,83.0182108086711,3.293465934170407,0.3314737978663443
P0330,P0330_01.jpg,P0330_01.jpg,.jpg,JPEG,L,1,8-bit,597840,583.828,0.57014,2032,2439,0.833128,4956048,0.0,255.0,255.0,50.73952713936588,23.0,55.358067543804175,21.0,48.0,27.0,2.0,12.0,178.0,200.0,166.0,198.0,5.897781848907471,55.358067543804175,48.96514274037583,5.476258502742508,0.06369994802310228
P0330,P0330_02.jpg,P0330_02.jpg,.jpg,JPEG,L,1,8-bit,645204,630.082,0.61531,2032,2439,0.833128,4956048,0.0,255.0,255.0,51.73749911219585,20.0,52.682448189409236,18.0,84.0,66.0,0.0,8.0,160.0,182.0,152.0,182.0,5.933343410491943,52.682448189409236,45.39462945740698,9.182417119446786,0.06279196650234219
P0331,P0331_01.jpg,P0331_01.jpg,.jpg,JPEG,L,1,8-bit,658570,643.135,0.62806,2032,2439,0.833128,4956048,0.0,255.0,255.0,52.31764986941208,14.0,75.40169057940729,0.0,61.0,61.0,0.0,0.0,222.0,252.0,222.0,252.0,6.046409606933594,75.40169057940729,167.04119120442482,47.85288600917505,1.9262121755075818
P0331,P0331_02.jpg,P0331_02.jpg,.jpg,JPEG,L,1,8-bit,663079,647.538,0.63236,2032,2439,0.833128,4956048,0.0,255.0,255.0,67.52091807827527,15.0,79.63415914791334,0.0,143.0,143.0,0.0,0.0,212.0,241.0,212.0,241.0,6.199680328369141,79.63415914791334,159.26741869221595,49.27482542541961,0.8754354275826224
P0332,P0332_01.jpg,P0332_01.jpg,.jpg,JPEG,L,1,8-bit,665877,650.271,0.63503,2440,1882,1.296493,4592080,0.0,255.0,255.0,64.38906356161043,21.0,71.28768344065165,14.0,115.0,101.0,0.0,6.0,209.0,242.0,203.0,242.0,6.853374004364014,71.28768344065165,76.14605476805714,18.49662897858922,0.9966725318374244
P0333,P0333_01.jpg,P0333_01.jpg,.jpg,JPEG,L,1,8-bit,670892,655.168,0.63981,2440,1839,1.326808,4487160,0.0,255.0,255.0,68.68573908663832,6.0,84.18536411892067,0.0,152.0,152.0,0.0,0.0,221.0,248.0,221.0,248.0,5.0995988845825195,84.18536411892067,134.4446316714547,52.614370782410255,1.7767362875404487
P0334,P0334_01.jpg,P0334_01.jpg,.jpg,JPEG,L,1,8-bit,769754,751.713,0.73409,2440,2032,1.200787,4958080,0.0,255.0,255.0,68.69664829934167,16.0,85.74999103657196,0.0,153.0,153.0,0.0,0.0,232.0,255.0,232.0,255.0,5.565548896789551,85.74999103657196,134.6828394711624,47.97915725442107,3.240528591712921
P0335,P0335_01.jpg,P0335_01.jpg,.jpg,JPEG,L,1,8-bit,900376,879.273,0.85867,2116,2624,0.806402,5552384,0.0,255.0,255.0,59.826372599589654,25.0,65.19684627621835,19.0,96.0,77.0,0.0,7.0,193.0,217.0,186.0,217.0,6.558139801025391,65.19684627621835,86.06298818935824,9.758186753653925,0.1252434990087141
P0335,P0335_02.jpg,P0335_02.jpg,.jpg,JPEG,L,1,8-bit,783124,764.77,0.74685,2032,2439,0.833128,4956048,0.0,255.0,255.0,60.31446487201092,17.0,71.28825388530068,13.0,100.0,87.0,0.0,3.0,207.0,231.0,204.0,231.0,6.464426040649414,71.28825388530068,88.50008309538335,21.691577644122898,0.3671070175268682
P0336,P0336_01.jpg,P0336_01.jpg,.jpg,JPEG,L,1,8-bit,584363,570.667,0.55729,2032,2439,0.833128,4956048,0.0,255.0,255.0,36.78024103075676,14.0,51.501366684261015,10.0,22.0,12.0,0.0,4.0,166.0,195.0,162.0,195.0,5.762820720672607,51.501366684261015,48.326791861917776,45.37635632261834,0.07627044774384752
P0336,P0336_02.jpg,P0336_02.jpg,.jpg,JPEG,L,1,8-bit,638341,623.38,0.60877,2032,2439,0.833128,4956048,0.0,255.0,255.0,36.037346087043545,12.0,51.0393192092215,9.0,31.0,22.0,0.0,2.0,162.0,195.0,160.0,195.0,5.8385844230651855,51.0393192092215,70.21485238561583,50.55437316184186,0.08347376780854424
P0337,P0337_01.jpg,P0337_01.jpg,.jpg,JPEG,L,1,8-bit,535364,522.816,0.51056,2032,2439,0.833128,4956048,0.0,255.0,255.0,46.04339808653992,25.0,49.52417582862732,23.0,32.0,9.0,6.0,15.0,175.0,205.0,160.0,199.0,5.64418888092041,49.52417582862732,40.65994645135028,3.145288342647206,0.08167798213415205
P0337,P0337_02.jpg,P0337_02.jpg,.jpg,JPEG,L,1,8-bit,569000,555.664,0.54264,2032,2439,0.833128,4956048,0.0,255.0,255.0,38.67395311748393,18.0,43.49019589885932,16.0,41.0,25.0,0.0,8.0,140.0,178.0,132.0,178.0,5.548595905303955,43.49019589885932,44.60693629188385,11.049872801877624,0.06664584362379057
P0338,P0338_01.jpg,P0338_01.jpg,.jpg,JPEG,L,1,8-bit,301918,294.842,0.28793,1848,1523,1.213395,2814504,0.0,255.0,255.0,34.77690776065694,7.0,53.75718192734766,3.0,46.0,43.0,0.0,0.0,164.0,197.0,164.0,197.0,5.561985015869141,53.75718192734766,46.06577921378093,66.46911853740481,0.09454596618089724
P0339,P0339_01.jpg,P0339_01.jpg,.jpg,JPEG,L,1,8-bit,178760,174.57,0.17048,1372,804,1.706468,1103088,0.0,255.0,255.0,54.490993465616526,25.0,56.29420411774693,14.0,81.0,67.0,0.0,5.0,181.0,211.0,176.0,211.0,6.986532211303711,56.29420411774693,410.7080918256049,20.489117821968872,0.3025143959502778
P0340,P0340_01.jpg,P0340_01.jpg,.jpg,JPEG,L,1,8-bit,196135,191.538,0.18705,1284,818,1.569682,1050312,0.0,255.0,255.0,77.39749807676195,51.0,72.25691152067208,15.0,131.0,116.0,0.0,6.0,210.0,248.0,204.0,248.0,7.215694427490234,72.25691152067208,329.0904870041846,15.51634181081431,1.3223689722672882
P0341,P0341_01.jpg,P0341_01.jpg,.jpg,JPEG,L,1,8-bit,1044602,1020.119,0.99621,2848,2439,1.167692,6946272,0.0,255.0,255.0,52.876997762252905,14.0,63.07968379962292,8.0,99.0,91.0,0.0,1.0,176.0,196.0,175.0,196.0,6.488116264343262,63.07968379962292,69.25721885223471,44.22557884286708,0.04939340123738316
P0341,P0341_02.jpg,P0341_02.jpg,.jpg,JPEG,L,1,8-bit,752740,735.098,0.71787,2032,2439,0.833128,4956048,0.0,255.0,255.0,63.9883411137261,22.0,68.01939874227743,19.0,119.0,100.0,0.0,8.0,198.0,224.0,190.0,224.0,6.4929351806640625,68.01939874227743,82.04203345640057,9.57430194380684,0.21446523520353314
P0341,P0341_03.jpg,P0341_03.jpg,.jpg,JPEG,L,1,8-bit,653274,637.963,0.62301,2032,2439,0.833128,4956048,0.0,255.0,255.0,60.10663213915604,14.0,72.65024291205178,10.0,118.0,108.0,0.0,2.0,202.0,221.0,200.0,221.0,6.333780288696289,72.65024291205178,70.07194336081366,40.758584259070936,0.11164137231923502
P0342,P0342_01.jpg,P0342_01.jpg,.jpg,JPEG,L,1,8-bit,538457,525.837,0.51351,2440,2032,1.200787,4958080,0.0,255.0,255.0,57.41907613431005,0.0,76.56392342080338,0.0,141.0,141.0,0.0,0.0,190.0,208.0,190.0,208.0,4.057703018188477,76.56392342080338,64.61899663309,59.58875209758616,0.045138440686717435
P0343,P0343_01.jpg,P0343_01.jpg,.jpg,JPEG,L,1,8-bit,664390,648.818,0.63361,2032,2439,0.833128,4956048,0.0,255.0,255.0,54.89845134671819,16.0,70.069015787882,15.0,73.0,58.0,0.0,7.0,200.0,221.0,193.0,221.0,5.6010918617248535,70.069015787882,171.25520589456448,14.534948006960386,0.11162119495210701
P0343,P0343_02.jpg,P0343_02.jpg,.jpg,JPEG,L,1,8-bit,820779,801.542,0.78276,2032,2439,0.833128,4956048,0.0,255.0,255.0,73.51042423317934,27.0,73.75810749412936,25.0,153.0,128.0,5.0,15.0,208.0,227.0,193.0,222.0,5.8810625076293945,73.75810749412936,293.11436467954456,3.590461593592314,0.17685462287693743
P0344,P0344_01.jpg,P0344_01.jpg,.jpg,JPEG,L,1,8-bit,559232,546.125,0.53333,2032,2439,0.833128,4956048,0.0,255.0,255.0,48.65650151088125,26.0,53.09962150318099,19.0,43.0,24.0,7.0,13.0,179.0,207.0,166.0,200.0,6.3350725173950195,53.09962150318099,47.065748714455864,4.502962844589076,0.062388419159782146
P0344,P0344_02.jpg,P0344_02.jpg,.jpg,JPEG,L,1,8-bit,530691,518.253,0.50611,2032,2439,0.833128,4956048,0.0,255.0,255.0,49.53386750895068,25.0,57.70580673563216,15.0,49.0,34.0,0.0,3.0,184.0,218.0,181.0,218.0,6.594099998474121,57.70580673563216,46.421406002741264,17.93249379344187,0.12354601892475617
P0345,P0345_01.jpg,P0345_01.jpg,.jpg,JPEG,L,1,8-bit,530204,517.777,0.50564,2564,1454,1.763411,3728056,0.0,255.0,255.0,40.65801559847814,6.0,59.3040093391899,4.0,59.0,55.0,0.0,0.0,182.0,217.0,182.0,217.0,5.937795639038086,59.3040093391899,121.1418813318771,55.67684605596054,0.13409133339198767
P0346,P0346_01.jpg,P0346_01.jpg,.jpg,JPEG,L,1,8-bit,575978,562.479,0.5493,2520,1461,1.724846,3681720,0.0,255.0,255.0,43.03259291852721,6.0,62.45470407755992,4.0,64.0,60.0,0.0,0.0,188.0,221.0,188.0,221.0,5.977778434753418,62.45470407755992,194.74031384830096,56.46885151505274,0.20425236030985516
P0347,P0347_01.jpg,P0347_01.jpg,.jpg,JPEG,L,1,8-bit,840589,820.888,0.80165,2256,2689,0.838974,6066384,0.0,255.0,255.0,37.06352070689887,13.0,54.40493458559245,9.0,28.0,19.0,0.0,0.0,172.0,206.0,172.0,206.0,5.83950138092041,54.40493458559245,95.67590949293547,48.014533863995425,0.07793769731688598
P0347,P0347_02.jpg,P0347_02.jpg,.jpg,JPEG,L,1,8-bit,923985,902.329,0.88118,2224,2671,0.832647,5940304,0.0,255.0,255.0,49.469104443139614,24.0,50.639806265978784,20.0,64.0,44.0,0.0,9.0,162.0,189.0,153.0,189.0,6.2241411209106445,50.639806265978784,108.17394016747481,8.218855465982886,0.054963517018657634
P0348,P0348_01.jpg,P0348_01.jpg,.jpg,JPEG,L,1,8-bit,396798,387.498,0.37842,2136,1270,1.68189,2712720,0.0,255.0,255.0,51.01446666076853,11.0,64.26857458082513,8.0,80.0,72.0,0.0,0.0,197.0,233.0,197.0,233.0,6.453673362731934,64.26857458082513,227.16668022649648,50.36118729540829,0.5661844937922086
P0349,P0349_01.jpg,P0349_01.jpg,.jpg,JPEG,L,1,8-bit,393270,384.053,0.37505,2200,1292,1.702786,2842400,0.0,255.0,255.0,47.785998452012386,11.0,59.59157381462508,8.0,73.0,65.0,0.0,0.0,189.0,218.0,189.0,218.0,6.367361545562744,59.59157381462508,200.74293385589766,50.60016183506896,0.1773149451168027
P0350,P0350_01.jpg,P0350_01.jpg,.jpg,JPEG,L,1,8-bit,492917,481.364,0.47008,2316,1341,1.727069,3105756,0.0,255.0,255.0,55.95500580212998,15.0,68.59518903684555,7.0,93.0,86.0,0.0,0.0,200.0,228.0,200.0,228.0,6.443691253662109,68.59518903684555,171.7454715278338,49.134284856891526,0.35868883453819295
P0351,P0351_01.jpg,P0351_01.jpg,.jpg,JPEG,L,1,8-bit,441267,430.925,0.42083,2192,1320,1.660606,2893440,0.0,255.0,255.0,45.04384918989162,12.0,59.80790365674844,6.0,68.0,62.0,0.0,0.0,189.0,228.0,189.0,228.0,6.33332633972168,59.80790365674844,244.4875254717853,50.622511612475115,0.42862475116124754
P0352,P0352_01.jpg,P0352_01.jpg,.jpg,JPEG,L,1,8-bit,815181,796.075,0.77742,2512,2419,1.038446,6076528,0.0,255.0,255.0,45.61853627597865,14.0,58.6680177411054,11.0,65.0,54.0,0.0,2.0,174.0,200.0,172.0,200.0,5.893744468688965,58.6680177411054,53.83115325007584,38.13193981826464,0.04306735688537928
P0352,P0352_02.jpg,P0352_02.jpg,.jpg,JPEG,L,1,8-bit,571974,558.568,0.54548,2032,2439,0.833128,4956048,0.0,255.0,255.0,40.53137459524201,17.0,47.75703388772404,15.0,46.0,31.0,0.0,5.0,151.0,182.0,146.0,182.0,5.642930030822754,47.75703388772404,40.44432007466921,13.985094575355204,0.06466846164524638
P0352,P0352_03.jpg,P0352_03.jpg,.jpg,JPEG,L,1,8-bit,523566,511.295,0.49931,2032,2439,0.833128,4956048,0.0,255.0,255.0,40.448331815995324,14.0,57.67216242450501,12.0,18.0,6.0,0.0,4.0,187.0,217.0,183.0,217.0,5.391297340393066,57.67216242450501,42.95328007906102,25.327761151627264,0.14416728812957422
P0353,P0353_01.jpg,P0353_01.jpg,.jpg,JPEG,L,1,8-bit,434694,424.506,0.41456,2312,1220,1.895082,2820640,0.0,255.0,255.0,44.4693452549776,11.0,60.243847023740926,6.0,65.0,59.0,0.0,0.0,188.0,223.0,188.0,223.0,6.3458757400512695,60.243847023740926,261.6875883717681,51.410353678597765,0.25487123489704466
P0354,P0354_01.jpg,P0354_01.jpg,.jpg,JPEG,L,1,8-bit,423277,413.356,0.40367,2308,1210,1.907438,2792680,0.0,255.0,255.0,42.46908668375897,8.0,58.95998043967294,6.0,63.0,57.0,0.0,0.0,184.0,223.0,184.0,223.0,6.126071929931641,58.95998043967294,128.3280429247391,53.18643740063308,0.2747539997421832
P0355,P0355_01.jpg,P0355_01.jpg,.jpg,JPEG,L,1,8-bit,671202,655.471,0.64011,2660,2192,1.213504,5830720,0.0,255.0,255.0,39.900522233960814,13.0,54.051970122385214,10.0,45.0,35.0,0.0,2.0,167.0,193.0,165.0,193.0,5.725715160369873,54.051970122385214,41.0056094163831,47.02812002634323,0.05465877284452006
P0356,P0356_01.jpg,P0356_01.jpg,.jpg,JPEG,L,1,8-bit,384965,375.942,0.36713,1976,1256,1.573248,2481856,0.0,255.0,255.0,79.26224607712938,33.0,87.27713425217256,0.0,167.0,167.0,0.0,0.0,225.0,252.0,225.0,252.0,5.705212593078613,87.27713425217256,192.28343590886797,46.76693571262797,1.9959659222775212
P0357,P0357_01.jpg,P0357_01.jpg,.jpg,JPEG,L,1,8-bit,314932,307.551,0.30034,1956,1096,1.784672,2143776,0.0,255.0,255.0,76.21741777125969,39.0,82.63907931607831,0.0,157.0,157.0,0.0,0.0,213.0,238.0,213.0,238.0,5.395880699157715,82.63907931607831,248.50381095722656,45.52192020061798,0.6774961563148388
P0358,P0358_01.jpg,P0358_01.jpg,.jpg,JPEG,L,1,8-bit,573113,559.681,0.54656,2032,2439,0.833128,4956048,0.0,255.0,255.0,50.12568703935071,28.0,51.3591744475067,21.0,39.0,18.0,6.0,15.0,175.0,201.0,160.0,195.0,6.169449806213379,51.3591744475067,49.444117803219946,3.1820716829215536,0.06769506671444667
P0358,P0358_02.jpg,P0358_02.jpg,.jpg,JPEG,L,1,8-bit,629598,614.842,0.60043,2032,2439,0.833128,4956048,0.0,255.0,255.0,51.625392853337985,26.0,50.67857589430505,19.0,76.0,57.0,2.0,12.0,160.0,186.0,148.0,184.0,6.440010070800781,50.67857589430505,46.09338301768795,5.748431007932127,0.06430526903694234
P0359,P0359_01.jpg,P0359_01.jpg,.jpg,JPEG,L,1,8-bit,557919,544.843,0.53207,2032,2439,0.833128,4956048,0.0,255.0,255.0,39.116780144179394,14.0,51.12460717256153,12.0,33.0,21.0,0.0,4.0,158.0,190.0,154.0,190.0,5.812526702880859,51.12460717256153,45.30203774811723,33.00109280620365,0.03361549363525131
P0359,P0359_02.jpg,P0359_02.jpg,.jpg,JPEG,L,1,8-bit,604088,589.93,0.5761,2032,2439,0.833128,4956048,0.0,255.0,255.0,45.48286860821364,22.0,47.88992255612563,20.0,53.0,33.0,0.0,9.0,154.0,187.0,145.0,187.0,5.631345748901367,47.88992255612563,57.784816302459454,7.857268533315255,0.06955138449022286
P0360,P0360_01.jpg,P0360_01.jpg,.jpg,JPEG,L,1,8-bit,461017,450.212,0.43966,1628,2032,0.801181,3308096,0.0,255.0,255.0,59.41919944282149,22.0,65.38056066236625,18.0,99.0,81.0,3.0,11.0,193.0,218.0,182.0,215.0,6.242560863494873,65.38056066236625,75.0091023947011,7.209403838340846,0.1514768616146569
P0360,P0360_02.jpg,P0360_02.jpg,.jpg,JPEG,L,1,8-bit,434843,424.651,0.4147,1628,2032,0.801181,3308096,0.0,255.0,255.0,50.148937636634486,16.0,59.2636079955428,12.0,78.0,66.0,0.0,4.0,175.0,202.0,171.0,202.0,6.2795820236206055,59.2636079955428,54.64329208091257,27.47882770028439,0.10253632300876395
P0361,P0361_01.jpg,P0361_01.jpg,.jpg,JPEG,L,1,8-bit,346710,338.584,0.33065,2400,1046,2.294455,2510400,0.0,255.0,255.0,47.71753664754621,10.0,58.6247104519609,8.0,77.0,69.0,0.0,1.0,175.0,205.0,174.0,205.0,6.094203472137451,58.6247104519609,107.98105183263057,56.019678138942,0.10086042065009561
P0362,P0362_01.jpg,P0362_01.jpg,.jpg,JPEG,L,1,8-bit,375997,367.185,0.35858,2280,1576,1.446701,3593280,0.0,255.0,255.0,32.69538388324873,0.0,54.19399756536462,0.0,48.0,48.0,0.0,0.0,162.0,215.0,162.0,215.0,4.483299255371094,54.19399756536462,77.98997582417157,61.08544282660967,0.16205249799625968
P0363,P0363_01.jpg,P0363_01.jpg,.jpg,JPEG,L,1,8-bit,574843,561.37,0.54821,2032,2439,0.833128,4956048,0.0,255.0,255.0,39.12402180124163,10.0,62.25101781912307,7.0,20.0,13.0,0.0,0.0,190.0,214.0,190.0,214.0,5.611412525177002,62.25101781912307,52.015356583938235,63.557717762216996,0.06295338543936621
P0363,P0363_02.jpg,P0363_02.jpg,.jpg,JPEG,L,1,8-bit,582971,569.308,0.55596,2032,2439,0.833128,4956048,0.0,255.0,255.0,34.84780151443247,9.0,56.14587051267809,6.0,27.0,21.0,0.0,0.0,180.0,207.0,180.0,207.0,5.610346794128418,56.14587051267809,42.45195833794569,69.37204805118917,0.05730372264352565
P0364,P0364_01.jpg,P0364_01.jpg,.jpg,JPEG,L,1,8-bit,573527,560.085,0.54696,2032,2439,0.833128,4956048,0.0,255.0,255.0,58.92958320823366,38.0,53.3360167944536,36.0,42.0,6.0,19.0,26.0,204.0,246.0,178.0,227.0,5.540748596191406,53.3360167944536,69.42107713689674,0.09021300842929689,1.2132045533053755
P0364,P0364_02.jpg,P0364_02.jpg,.jpg,JPEG,L,1,8-bit,585058,571.346,0.55795,2032,2439,0.833128,4956048,0.0,255.0,255.0,44.44180423595574,24.0,47.64722112508204,22.0,42.0,20.0,2.0,10.0,164.0,205.0,154.0,203.0,5.62708044052124,47.64722112508204,36.25412368214531,6.859517906202683,0.0821824163123521
P0365,P0365_01.jpg,P0365_01.jpg,.jpg,JPEG,L,1,8-bit,433816,423.648,0.41372,2244,1289,1.740884,2892516,0.0,255.0,255.0,50.42214425088746,13.0,55.05795750699034,9.0,87.0,78.0,0.0,0.0,162.0,192.0,162.0,192.0,6.468070983886719,55.05795750699034,65.93352632980289,49.55505864098937,0.0882276882824503
P0366,P0366_01.jpg,P0366_01.jpg,.jpg,JPEG,L,1,8-bit,595915,581.948,0.56831,2032,2439,0.833128,4956048,0.0,255.0,255.0,41.92083833732038,13.0,55.61297127526868,11.0,45.0,34.0,0.0,3.0,167.0,189.0,164.0,189.0,5.82027530670166,55.61297127526868,57.63118250689544,42.96144831527056,0.050705723592669
P0366,P0366_02.jpg,P0366_02.jpg,.jpg,JPEG,L,1,8-bit,658730,643.291,0.62821,2032,2439,0.833128,4956048,0.0,255.0,255.0,64.10836537499233,18.0,72.66968808987491,16.0,126.0,110.0,0.0,6.0,204.0,225.0,198.0,225.0,5.999083518981934,72.66968808987491,63.71544925088184,12.950540430601157,0.15589033843094335
P0367,P0367_01.jpg,P0367_01.jpg,.jpg,JPEG,L,1,8-bit,469779,458.769,0.44802,2440,1353,1.8034,3301320,0.0,255.0,255.0,53.635586371512,13.0,61.42663607890937,10.0,98.0,88.0,0.0,3.0,178.0,204.0,175.0,204.0,6.218599319458008,61.42663607890937,62.829940233115906,49.78672167496638,0.08511746816424945
P0368,P0368_01.jpg,P0368_01.jpg,.jpg,JPEG,L,1,8-bit,469346,458.346,0.4476,2440,1353,1.8034,3301320,0.0,255.0,255.0,52.02976718403548,14.0,59.627797437124684,11.0,95.0,84.0,0.0,3.0,175.0,204.0,172.0,204.0,6.296725749969482,59.627797437124684,64.66682472480085,37.393224528370475,0.0990512885754789
P0369,P0369_01.jpg,P0369_01.jpg,.jpg,JPEG,L,1,8-bit,616298,601.854,0.58775,2032,2439,0.833128,4956048,0.0,255.0,255.0,47.54000344629431,14.0,59.91305794216708,11.0,73.0,62.0,0.0,2.0,172.0,193.0,170.0,193.0,5.949672698974609,59.91305794216708,50.56810377040408,37.9571989617534,0.03307070472279526
P0369,P0369_02.jpg,P0369_02.jpg,.jpg,JPEG,L,1,8-bit,609310,595.029,0.58108,2032,2439,0.833128,4956048,0.0,255.0,255.0,57.26760555991387,11.0,71.85742977272437,9.0,114.0,105.0,0.0,0.0,196.0,217.0,196.0,217.0,5.894601821899414,71.85742977272437,56.080029425644895,60.66044961630719,0.06622211891410253
P0370,P0370_01.jpg,P0370_01.jpg,.jpg,JPEG,L,1,8-bit,563068,549.871,0.53698,2032,2439,0.833128,4956048,0.0,255.0,255.0,43.4645413038776,23.0,49.24987356797602,22.0,26.0,4.0,3.0,12.0,172.0,209.0,160.0,206.0,5.324055194854736,49.24987356797602,42.18121562620734,5.423615751905551,0.10246067027599409
P0370,P0370_02.jpg,P0370_02.jpg,.jpg,JPEG,L,1,8-bit,574880,561.406,0.54825,2032,2439,0.833128,4956048,0.0,255.0,255.0,34.96982615987577,19.0,39.50595825077468,17.0,30.0,13.0,1.0,6.0,134.0,179.0,128.0,178.0,5.361330032348633,39.50595825077468,49.50733156850135,11.54546929327561,0.07070149441651896
P0371,P0371_01.jpg,P0371_01.jpg,.jpg,JPEG,L,1,8-bit,599049,585.009,0.5713,2032,2439,0.833128,4956048,0.0,255.0,255.0,38.8515803317482,17.0,50.655346944983606,15.0,25.0,10.0,0.0,6.0,168.0,203.0,162.0,203.0,5.609745979309082,50.655346944983606,53.16045031970978,15.568917008067718,0.07957953595283984
P0371,P0371_02.jpg,P0371_02.jpg,.jpg,JPEG,L,1,8-bit,635757,620.856,0.60631,2032,2439,0.833128,4956048,0.0,255.0,255.0,36.1741353191091,17.0,43.10366859700357,15.0,37.0,22.0,0.0,4.0,142.0,188.0,138.0,188.0,5.720308303833008,43.10366859700357,50.54662309699419,16.919388189944893,0.07039883390959893
P0372,P0372_01.jpg,P0372_01.jpg,.jpg,JPEG,L,1,8-bit,703242,686.76,0.67066,2260,2233,1.012091,5046580,0.0,249.0,249.0,59.76897344340127,20.0,67.00516870609788,3.0,129.0,126.0,0.0,0.0,177.0,198.0,177.0,198.0,6.545658111572266,67.00516870609788,55.959468843922735,43.572657126212206,0.004359387941932953
P0372,P0372_02.jpg,P0372_02.jpg,.jpg,JPEG,L,1,8-bit,572284,558.871,0.54577,2032,2439,0.833128,4956048,0.0,247.0,247.0,56.45593404260814,31.0,56.656147650753,25.0,50.0,25.0,0.0,10.0,192.0,222.0,182.0,222.0,6.510262489318848,56.656147650753,44.41678798803896,6.069049371596078,0.0023809293211042343
P0372,P0372_03.jpg,P0372_03.jpg,.jpg,JPEG,L,1,8-bit,525444,513.129,0.5011,2032,2439,0.833128,4956048,0.0,255.0,255.0,45.56939097442155,16.0,60.13760331308799,12.0,41.0,29.0,0.0,4.0,190.0,218.0,186.0,218.0,6.136082172393799,60.13760331308799,42.262459162620715,29.357988461774383,0.11773493719189161
P0373,P0373_01.jpg,P0373_01.jpg,.jpg,JPEG,L,1,8-bit,562751,549.562,0.53668,2788,1558,1.789474,4343704,0.0,255.0,255.0,35.114718912706756,8.0,53.31600646814486,6.0,39.0,33.0,0.0,0.0,169.0,220.0,169.0,220.0,5.908378601074219,53.31600646814486,112.21348533252231,60.305329276580544,0.23627300571125473
P0374,P0374_01.jpg,P0374_01.jpg,.jpg,JPEG,L,1,8-bit,415957,406.208,0.39669,1808,2430,0.744033,4393440,0.0,255.0,255.0,41.12992074547507,9.0,58.43713881575167,0.0,75.0,75.0,0.0,0.0,161.0,188.0,161.0,188.0,5.220074653625488,58.43713881575167,38.08268347689517,53.910625842164684,0.06525638224261626
P0374,P0374_02.jpg,P0374_02.jpg,.jpg,JPEG,L,1,8-bit,491570,480.049,0.4688,1604,2439,0.657647,3912156,0.0,255.0,255.0,70.539779599791,29.0,66.4506360194805,21.0,133.0,112.0,6.0,13.0,194.0,220.0,181.0,214.0,6.759727478027344,66.4506360194805,51.790478137847224,4.259237106086772,0.10490379218006643
P0375,P0375_01.jpg,P0375_01.jpg,.jpg,JPEG,L,1,8-bit,653338,638.025,0.62307,2032,2439,0.833128,4956048,0.0,255.0,255.0,43.3243394737097,11.0,68.41454073164897,8.0,31.0,23.0,0.0,0.0,211.0,236.0,211.0,236.0,5.731480598449707,68.41454073164897,86.18567068053551,61.660823301146394,0.5263266215339318
P0375,P0375_02.jpg,P0375_02.jpg,.jpg,JPEG,L,1,8-bit,686785,670.688,0.65497,2032,2439,0.833128,4956048,0.0,255.0,255.0,50.00328911261553,11.0,70.80177296513673,8.0,65.0,57.0,1.0,1.0,209.0,235.0,208.0,234.0,5.945151329040527,70.80177296513673,79.26596092618732,62.154038863223285,0.42596439743924996
P0376,P0376_01.jpg,P0376_01.jpg,.jpg,JPEG,L,1,8-bit,527686,515.318,0.50324,2432,1733,1.403347,4214656,0.0,255.0,255.0,61.98779734336563,20.0,65.34957288672845,18.0,113.0,95.0,4.0,11.0,192.0,216.0,181.0,212.0,5.941909313201904,65.34957288672845,104.01060541771271,6.83363007562183,0.07329186533847602
P0377,P0377_01.jpg,P0377_01.jpg,.jpg,JPEG,L,1,8-bit,519960,507.773,0.49587,2472,1686,1.466192,4167792,0.0,255.0,255.0,52.846305189894316,16.0,61.68160650760385,12.0,94.0,82.0,0.0,4.0,181.0,207.0,177.0,207.0,6.167491912841797,61.68160650760385,115.8939222372747,26.29077938630335,0.07106880573694656
P0378,P0378_01.jpg,P0378_01.jpg,.jpg,JPEG,L,1,8-bit,604606,590.436,0.5766,2032,2439,0.833128,4956048,0.0,255.0,255.0,53.093333640029314,23.0,58.543521972940745,22.0,52.0,30.0,4.0,13.0,182.0,206.0,169.0,202.0,5.571904182434082,58.543521972940745,50.8848567619814,4.404194632497506,0.05306647554664523
P0378,P0378_02.jpg,P0378_02.jpg,.jpg,JPEG,L,1,8-bit,654413,639.075,0.6241,2032,2439,0.833128,4956048,0.0,255.0,255.0,66.12872938276627,22.0,71.61929942370686,20.0,120.0,100.0,0.0,9.0,207.0,230.0,198.0,230.0,6.120841979980469,71.61929942370686,63.90737729397231,7.9496405200272475,0.24380312700764806
P0379,P0379_01.jpg,P0379_01.jpg,.jpg,JPEG,L,1,8-bit,568596,555.27,0.54226,2032,2439,0.833128,4956048,0.0,255.0,255.0,37.89079423766679,17.0,47.99257504090508,15.0,24.0,9.0,0.0,7.0,161.0,188.0,154.0,188.0,5.490091800689697,47.99257504090508,46.37172487112723,13.46966373207039,0.06305427227500622
P0379,P0379_02.jpg,P0379_02.jpg,.jpg,JPEG,L,1,8-bit,600976,586.891,0.57314,2032,2439,0.833128,4956048,0.0,255.0,255.0,36.50239626412012,18.0,40.21925265794058,16.0,41.0,25.0,0.0,6.0,137.0,171.0,131.0,171.0,5.690313339233398,40.21925265794058,36.36083245062004,13.259960355509067,0.06388154432725429
P0380,P0380_01.jpg,P0380_01.jpg,.jpg,JPEG,L,1,8-bit,846441,826.603,0.80723,2032,2591,0.784253,5264912,0.0,255.0,255.0,50.97710711973913,15.0,60.93867932706231,12.0,83.0,71.0,0.0,4.0,177.0,204.0,173.0,204.0,6.057039260864258,60.93867932706231,273.35042420404017,25.551101328949088,0.0756707804422942
P0380,P0380_02.jpg,P0380_02.jpg,.jpg,JPEG,L,1,8-bit,784300,765.918,0.74797,2056,2640,0.778788,5427840,0.0,255.0,255.0,64.05842913571513,20.0,65.39327404572605,17.0,126.0,109.0,0.0,8.0,187.0,212.0,179.0,212.0,6.464777946472168,65.39327404572605,53.2497594314662,10.32246713241363,0.08999896828204221
P0381,P0381_01.jpg,P0381_01.jpg,.jpg,JPEG,L,1,8-bit,568282,554.963,0.54196,2032,2439,0.833128,4956048,0.0,255.0,255.0,43.27032849560779,16.0,55.99327072375381,14.0,37.0,23.0,0.0,6.0,173.0,197.0,167.0,197.0,5.573520183563232,55.99327072375381,47.87244095089443,17.472470000290556,0.062025226551478116
P0381,P0381_02.jpg,P0381_02.jpg,.jpg,JPEG,L,1,8-bit,595609,581.649,0.56802,2032,2439,0.833128,4956048,0.0,255.0,255.0,48.79576347928834,14.0,64.54483466687516,12.0,59.0,47.0,0.0,3.0,197.0,221.0,194.0,221.0,5.708218097686768,64.54483466687516,46.504391249753546,26.480352894080124,0.1785495217156896
P0382,P0382_01.jpg,P0382_01.jpg,.jpg,JPEG,L,1,8-bit,641982,626.936,0.61224,2032,2439,0.833128,4956048,0.0,255.0,255.0,55.234988240630436,26.0,57.60942958685882,22.0,70.0,48.0,1.0,11.0,181.0,207.0,170.0,206.0,6.268276691436768,57.60942958685882,45.66708038732157,5.769072454504073,0.03315141419130727
P0382,P0382_02.jpg,P0382_02.jpg,.jpg,JPEG,L,1,8-bit,636321,621.407,0.60684,2032,2439,0.833128,4956048,0.0,255.0,255.0,52.202581573059824,23.0,53.56620729123209,21.0,94.0,73.0,0.0,11.0,162.0,189.0,151.0,189.0,5.598123550415039,53.56620729123209,48.92739304594872,6.491079182445368,0.04574209127918051
P0383,P0383_01.jpg,P0383_01.jpg,.jpg,JPEG,L,1,8-bit,666737,651.11,0.63585,2200,1824,1.20614,4012800,0.0,255.0,255.0,62.70298444976076,15.0,72.002031231486,7.0,123.0,116.0,0.0,0.0,197.0,231.0,197.0,231.0,6.47064733505249,72.002031231486,103.0634768359118,49.23026315789474,0.4867175039872408
P0384,P0384_01.jpg,P0384_01.jpg,.jpg,JPEG,L,1,8-bit,734856,717.633,0.70081,2792,1546,1.805951,4316432,0.0,255.0,255.0,46.91528257597942,10.0,62.96266007988549,7.0,66.0,59.0,0.0,0.0,193.0,230.0,193.0,230.0,6.2683515548706055,62.96266007988549,281.0086799405819,51.00305066777375,0.43902000541187725
P0385,P0385_01.jpg,P0385_01.jpg,.jpg,JPEG,L,1,8-bit,650451,635.206,0.62032,2032,2439,0.833128,4956048,0.0,255.0,255.0,49.99380494297069,18.0,63.7506588419025,12.0,54.0,42.0,0.0,6.0,191.0,217.0,185.0,217.0,6.231250762939453,63.7506588419025,133.19343724057458,28.000374491933893,0.22576456079521426
P0385,P0385_02.jpg,P0385_02.jpg,.jpg,JPEG,L,1,8-bit,634313,619.446,0.60493,2032,2439,0.833128,4956048,0.0,255.0,255.0,49.3253075837845,14.0,65.7189679036296,10.0,66.0,56.0,0.0,4.0,193.0,218.0,189.0,218.0,6.062756538391113,65.7189679036296,116.39663554213695,41.85748402759618,0.2242109035263581
P0386,P0386_01.jpg,P0386_01.jpg,.jpg,JPEG,L,1,8-bit,738147,720.847,0.70395,2032,2439,0.833128,4956048,0.0,255.0,255.0,78.13323176046721,50.0,59.71047908202191,38.0,107.0,69.0,21.0,29.0,201.0,225.0,172.0,204.0,6.712126731872559,59.71047908202191,154.16110505873428,0.09677065274589754,0.31218422420444675
P0386,P0386_02.jpg,P0386_02.jpg,.jpg,JPEG,L,1,8-bit,713632,696.906,0.68057,2032,2439,0.833128,4956048,0.0,255.0,255.0,72.25881347396151,39.0,63.73487646272194,29.0,117.0,88.0,13.0,21.0,201.0,223.0,180.0,210.0,6.685177803039551,63.73487646272194,116.31681494301034,0.6934961081894284,0.2746341439792351
P0387,P0387_01.jpg,P0387_01.jpg,.jpg,JPEG,L,1,8-bit,451745,441.157,0.43082,1296,2175,0.595862,2818800,0.0,255.0,255.0,62.55287640130552,9.0,72.95075021665373,3.0,137.0,134.0,0.0,0.0,189.0,211.0,189.0,211.0,6.223644256591797,72.95075021665373,124.77741190157094,54.001880232723146,0.04384844614729672
P0387,P0387_02.jpg,P0387_02.jpg,.jpg,JPEG,L,1,8-bit,478274,467.064,0.45612,1392,2347,0.593098,3267024,0.0,255.0,255.0,66.81572525944101,15.0,74.60092079945348,3.0,145.0,142.0,0.0,0.0,192.0,214.0,192.0,214.0,6.477138519287109,74.60092079945348,80.54465444496583,46.29445636150821,0.08509273271331952
P0388,P0388_01.jpg,P0388_01.jpg,.jpg,JPEG,L,1,8-bit,431803,421.683,0.4118,1396,2199,0.634834,3069804,0.0,241.0,241.0,59.13994769698652,9.0,69.48629534332498,0.0,133.0,133.0,0.0,0.0,176.0,198.0,176.0,198.0,5.830063343048096,69.48629534332498,73.06627713637427,55.53240532620324,0.01550587594517435
P0388,P0388_02.jpg,P0388_02.jpg,.jpg,JPEG,L,1,8-bit,606766,592.545,0.57866,1364,2292,0.595113,3126288,0.0,222.0,222.0,78.31378523027949,69.0,65.53686269818877,8.0,140.0,132.0,0.0,0.0,180.0,203.0,180.0,203.0,7.115410327911377,65.53686269818877,254.38431069220795,28.162088713515836,0.010811543914060381
P0389,P0389_01.jpg,P0389_01.jpg,.jpg,JPEG,L,1,8-bit,646980,631.816,0.61701,2032,2439,0.833128,4956048,0.0,255.0,255.0,46.91440316962225,17.0,61.72460055975386,12.0,46.0,34.0,0.0,6.0,185.0,211.0,179.0,211.0,5.943609714508057,61.72460055975386,133.53505951392836,30.078703838219482,0.22723750859555839
P0389,P0389_02.jpg,P0389_02.jpg,.jpg,JPEG,L,1,8-bit,653705,638.384,0.62342,2032,2439,0.833128,4956048,0.0,255.0,255.0,53.319626040748595,19.0,66.67043665391677,13.0,68.0,55.0,1.0,7.0,193.0,218.0,186.0,217.0,6.035068988800049,66.67043665391677,102.87676813800435,22.18527746301085,0.24450933485712809
P0390,P0390_01.jpg,P0390_01.jpg,.jpg,JPEG,L,1,8-bit,482964,471.645,0.46059,2548,1055,2.415166,2688140,0.0,255.0,255.0,63.455349795769564,24.0,67.7357130155924,9.0,124.0,115.0,0.0,3.0,189.0,210.0,186.0,210.0,6.56658935546875,67.7357130155924,118.21668231798958,47.50954191373961,0.10382643761113633
P0391,P0391_01.jpg,P0391_01.jpg,.jpg,JPEG,L,1,8-bit,489416,477.945,0.46674,1480,2440,0.606557,3611200,0.0,255.0,255.0,53.672479785112984,12.0,65.55415910680286,9.0,107.0,98.0,0.0,3.0,181.0,201.0,178.0,201.0,6.130711078643799,65.55415910680286,55.24913164684902,50.95397651750111,0.08019494904740807
P0391,P0391_02.jpg,P0391_02.jpg,.jpg,JPEG,L,1,8-bit,487751,476.319,0.46516,1508,2439,0.618286,3678012,0.0,255.0,255.0,50.56732223820912,13.0,60.597700444309076,9.0,87.0,78.0,0.0,1.0,174.0,193.0,173.0,193.0,6.403779029846191,60.597700444309076,54.67908373970957,49.633225775228574,0.08882515880861726
P0392,P0392_01.jpg,P0392_01.jpg,.jpg,JPEG,L,1,8-bit,535773,523.216,0.51095,2168,1745,1.242407,3783160,0.0,255.0,255.0,77.52592991044524,11.0,79.72467392669624,8.0,165.0,157.0,0.0,0.0,203.0,218.0,203.0,218.0,6.246830940246582,79.72467392669624,99.8095328256846,51.01333276943084,0.0680912253248607
P0393,P0393_01.jpg,P0393_01.jpg,.jpg,JPEG,L,1,8-bit,656458,641.072,0.62605,2032,2439,0.833128,4956048,0.0,255.0,255.0,60.52287528288669,32.0,58.531916373249494,22.0,72.0,50.0,7.0,15.0,186.0,213.0,171.0,206.0,6.627817153930664,58.531916373249494,56.55727582018857,3.1298728341614126,0.07116557386046302
P0393,P0393_02.jpg,P0393_02.jpg,.jpg,JPEG,L,1,8-bit,680444,664.496,0.64892,2032,2439,0.833128,4956048,0.0,255.0,255.0,62.38909409271258,31.0,59.976078436485864,26.0,104.0,78.0,0.0,4.0,189.0,223.0,185.0,223.0,6.645046710968018,59.976078436485864,58.706766603611015,9.046098827130002,0.10917973352961875
P0394,P0394_01.jpg,P0394_01.jpg,.jpg,JPEG,L,1,8-bit,612159,597.812,0.5838,2032,2439,0.833128,4956048,0.0,255.0,255.0,60.07391453835798,38.0,52.48006916301581,27.0,57.0,30.0,12.0,20.0,182.0,209.0,162.0,197.0,6.628612995147705,52.48006916301581,53.718256472269,1.1379227965508003,0.07261834429367915
P0394,P0394_02.jpg,P0394_02.jpg,.jpg,JPEG,L,1,8-bit,672106,656.354,0.64097,2032,2439,0.833128,4956048,0.0,255.0,255.0,71.12465476524844,47.0,49.118738825118484,38.0,106.0,68.0,18.0,29.0,173.0,197.0,144.0,179.0,6.631260395050049,49.118738825118484,59.28799539202382,0.32723654008193626,0.019834351886825956
P0395,P0395_01.jpg,P0395_01.jpg,.jpg,JPEG,L,1,8-bit,651287,636.022,0.62112,2032,2603,0.780638,5289296,0.0,255.0,255.0,56.78274821450719,21.0,62.00688866908696,17.0,99.0,82.0,0.0,9.0,182.0,204.0,173.0,204.0,6.370073318481445,62.00688866908696,54.38856912090297,9.535673556556487,0.053655533742108595
P0395,P0395_02.jpg,P0395_02.jpg,.jpg,JPEG,L,1,8-bit,588252,574.465,0.561,2032,2439,0.833128,4956048,0.0,255.0,255.0,61.25793555671777,24.0,63.92541516227511,19.0,104.0,85.0,0.0,7.0,192.0,219.0,185.0,219.0,6.5088701248168945,63.92541516227511,50.22483647502095,10.334867620329746,0.1572422220285195
P0396,P0396_01.jpg,P0396_01.jpg,.jpg,JPEG,L,1,8-bit,579658,566.072,0.5528,2032,2439,0.833128,4956048,0.0,255.0,255.0,43.72170245324501,10.0,65.23678621812799,3.0,46.0,43.0,0.0,0.0,186.0,208.0,186.0,208.0,6.072882175445557,65.23678621812799,135.2811081165283,54.64081461680759,0.1948326569879872
P0396,P0396_02.jpg,P0396_02.jpg,.jpg,JPEG,L,1,8-bit,594386,580.455,0.56685,2032,2439,0.833128,4956048,0.0,255.0,255.0,47.836538306327945,5.0,70.72792452804772,2.0,80.0,78.0,0.0,0.0,191.0,214.0,191.0,214.0,5.725618839263916,70.72792452804772,110.10310735726273,63.88065652310067,0.20679783569489238
P0397,P0397_01.jpg,P0397_01.jpg,.jpg,JPEG,L,1,8-bit,558404,545.316,0.53254,2440,1643,1.485088,4008920,0.0,255.0,255.0,61.637722129650875,20.0,72.59590949199928,11.0,126.0,115.0,0.0,0.0,202.0,223.0,202.0,223.0,6.762506008148193,72.59590949199928,123.167027781273,29.888124482404237,0.2912006226115762
P0398,P0398_01.jpg,P0398_01.jpg,.jpg,JPEG,L,1,8-bit,700398,683.982,0.66795,2440,1935,1.260982,4721400,0.0,255.0,255.0,57.53217583767527,19.0,65.32591952225633,9.0,108.0,99.0,0.0,0.0,187.0,216.0,187.0,216.0,6.848181247711182,65.32591952225633,109.09061182926878,37.79546321006481,0.2299106197314356
P0399,P0399_01.jpg,P0399_01.jpg,.jpg,JPEG,L,1,8-bit,581829,568.192,0.55488,2032,2439,0.833128,4956048,0.0,255.0,255.0,43.71950029539666,16.0,56.747462851321316,14.0,38.0,24.0,0.0,4.0,178.0,206.0,174.0,206.0,5.960432052612305,56.747462851321316,43.451996594910824,19.353646292368435,0.06870393507084678
P0399,P0399_02.jpg,P0399_02.jpg,.jpg,JPEG,L,1,8-bit,637793,622.845,0.60825,2032,2439,0.833128,4956048,0.0,255.0,255.0,45.973975635425646,16.0,56.804110165535576,13.0,64.0,51.0,0.0,1.0,172.0,203.0,171.0,203.0,5.910702228546143,56.804110165535576,49.81733092649757,22.73313333527036,0.07332455214315922
P0400,P0400_01.jpg,P0400_01.jpg,.jpg,JPEG,L,1,8-bit,552762,539.807,0.52715,2032,2439,0.833128,4956048,0.0,255.0,255.0,46.772055476460274,23.0,52.704302749809216,21.0,29.0,8.0,4.0,13.0,177.0,207.0,164.0,203.0,5.574106216430664,52.704302749809216,46.37693098706853,4.447414552885686,0.06737222884039865
P0400,P0400_02.jpg,P0400_02.jpg,.jpg,JPEG,L,1,8-bit,606238,592.029,0.57815,2032,2439,0.833128,4956048,0.0,255.0,255.0,61.924486405297124,33.0,56.414832264018884,31.0,81.0,50.0,12.0,21.0,186.0,215.0,165.0,203.0,5.54044771194458,56.414832264018884,56.139899863850104,1.2344311435240336,0.11355822219639519
P0401,P0401_01.jpg,P0401_01.jpg,.jpg,JPEG,L,1,8-bit,640852,625.832,0.61116,2204,2604,0.84639,5739216,0.0,255.0,255.0,36.85259450071229,6.0,61.4680249184128,2.0,29.0,27.0,0.0,0.0,184.0,205.0,184.0,205.0,5.653621673583984,61.4680249184128,35.32869836055115,67.84527712495922,0.041050903119868636
P0401,P0401_02.jpg,P0401_02.jpg,.jpg,JPEG,L,1,8-bit,718802,701.955,0.6855,2352,2762,0.851557,6496224,0.0,255.0,255.0,39.109462358440844,4.0,64.31840739779483,2.0,44.0,42.0,0.0,0.0,186.0,209.0,186.0,209.0,5.393265724182129,64.31840739779483,41.168072753040875,68.95220977601758,0.04097765101696001
P0402,P0402_01.jpg,P0402_01.jpg,.jpg,JPEG,L,1,8-bit,634883,620.003,0.60547,2032,2439,0.833128,4956048,0.0,229.0,229.0,49.12306579758711,24.0,47.70100112063145,21.0,72.0,51.0,0.0,7.0,149.0,172.0,142.0,172.0,6.226052761077881,47.70100112063145,50.47206962572174,7.5467590305824315,0.004499552869544444
P0402,P0402_02.jpg,P0402_02.jpg,.jpg,JPEG,L,1,8-bit,679487,663.562,0.64801,2032,2439,0.833128,4956048,0.0,253.0,253.0,57.37421025785061,29.0,48.653887014866854,27.0,98.0,71.0,0.0,12.0,153.0,176.0,141.0,176.0,5.9910125732421875,48.653887014866854,52.33009214497452,5.252209018153174,0.001795785674392177
P0403,P0403_01.jpg,P0403_01.jpg,.jpg,JPEG,L,1,8-bit,582026,568.385,0.55506,1720,2574,0.668221,4427280,0.0,255.0,255.0,52.56142213729423,15.0,68.65939950026362,7.0,76.0,69.0,0.0,0.0,195.0,215.0,195.0,215.0,6.541464805603027,68.65939950026362,55.804342689085544,46.43767730977033,0.08318877504924016
P0403,P0403_02.jpg,P0403_02.jpg,.jpg,JPEG,L,1,8-bit,646854,631.693,0.61689,1896,2690,0.704833,5100240,0.0,255.0,255.0,56.90284927768105,11.0,70.17429654144154,9.0,103.0,94.0,0.0,1.0,197.0,221.0,196.0,221.0,6.181295394897461,70.17429654144154,44.71805710507892,55.96589572255424,0.1493066992925823
P0404,P0404_01.jpg,P0404_01.jpg,.jpg,JPEG,L,1,8-bit,564351,551.124,0.53821,2032,2439,0.833128,4956048,0.0,255.0,255.0,44.65230946108674,18.0,55.441715094540044,16.0,23.0,7.0,1.0,9.0,174.0,201.0,165.0,200.0,5.472180366516113,55.441715094540044,50.821060963352664,9.63257418007251,0.053893747598893316
P0404,P0404_02.jpg,P0404_02.jpg,.jpg,JPEG,L,1,8-bit,643073,628.001,0.61328,2032,2439,0.833128,4956048,0.0,255.0,255.0,68.69220233540918,28.0,70.54870070924322,25.0,121.0,96.0,3.0,14.0,211.0,235.0,197.0,232.0,5.921664237976074,70.54870070924322,62.39864163994383,4.235269714901873,0.4121630783236966
P0405,P0405_01.jpg,P0405_01.jpg,.jpg,JPEG,L,1,8-bit,354771,346.456,0.33834,1628,2280,0.714035,3711840,0.0,255.0,255.0,63.06537108280529,0.0,82.3112981853855,0.0,153.0,153.0,0.0,0.0,203.0,223.0,203.0,223.0,4.156226634979248,82.3112981853855,53.69731348432057,59.03053472132419,0.15356265356265356
P0405,P0405_02.jpg,P0405_02.jpg,.jpg,JPEG,L,1,8-bit,450929,440.36,0.43004,1628,2032,0.801181,3308096,0.0,255.0,255.0,89.33710690378997,85.0,84.48610370249203,4.0,175.0,171.0,0.0,0.0,207.0,223.0,207.0,223.0,6.420321464538574,84.48610370249203,73.90544405368063,44.696314738145446,0.1074333997562344
P0406,P0406_01.jpg,P0406_01.jpg,.jpg,JPEG,L,1,8-bit,564137,550.915,0.538,1628,2251,0.723234,3664628,0.0,255.0,255.0,64.27291610499074,26.0,67.65164340668119,19.0,106.0,87.0,2.0,9.0,199.0,222.0,190.0,220.0,6.7493062019348145,67.65164340668119,143.28161174711352,10.959911892830595,0.1807004694610203
P0406,P0406_02.jpg,P0406_02.jpg,.jpg,JPEG,L,1,8-bit,614201,599.806,0.58575,1628,2311,0.704457,3762308,0.0,255.0,255.0,62.686031552972274,11.0,76.05030989953987,5.0,142.0,137.0,0.0,0.0,201.0,222.0,201.0,222.0,6.377748489379883,76.05030989953987,212.2678521039091,52.30475548519685,0.15610098907372813
P0407,P0407_01.jpg,P0407_01.jpg,.jpg,JPEG,L,1,8-bit,710329,693.681,0.67742,1892,2439,0.775728,4614588,0.0,255.0,255.0,67.34909660407386,23.0,75.33586509578103,12.0,140.0,128.0,0.0,6.0,209.0,228.0,203.0,228.0,6.840789318084717,75.33586509578103,73.07780158741274,26.949058074090253,0.21614063920766058
P0407,P0407_02.jpg,P0407_02.jpg,.jpg,JPEG,L,1,8-bit,632903,618.069,0.60358,1708,2439,0.700287,4165812,0.0,255.0,255.0,72.58425056147517,21.0,76.51607610975759,13.0,152.0,139.0,0.0,6.0,207.0,227.0,201.0,227.0,6.687437057495117,76.51607610975759,56.792213287488636,22.116288493095702,0.1586005321411528
P0408,P0408_01.jpg,P0408_01.jpg,.jpg,JPEG,L,1,8-bit,435862,425.646,0.41567,1628,2083,0.781565,3391124,0.0,255.0,255.0,64.55719136192012,27.0,64.34130727854783,23.0,106.0,83.0,5.0,14.0,194.0,218.0,180.0,213.0,6.3461408615112305,64.34130727854783,52.74132732725294,3.7947889844193257,0.110907180038241
P0408,P0408_02.jpg,P0408_02.jpg,.jpg,JPEG,L,1,8-bit,392467,383.269,0.37429,1628,2088,0.779693,3399264,0.0,255.0,255.0,51.57125365961573,13.0,63.90568261288981,9.0,89.0,80.0,0.0,0.0,184.0,218.0,184.0,218.0,6.354345321655273,63.90568261288981,53.68130694835588,47.030974940457696,0.3655497189979949
P0409,P0409_01.jpg,P0409_01.jpg,.jpg,JPEG,L,1,8-bit,562380,549.199,0.53633,1640,2503,0.655214,4104920,0.0,255.0,255.0,52.631699034329536,14.0,69.0571656238655,7.0,86.0,79.0,0.0,2.0,194.0,216.0,192.0,216.0,6.33782434463501,69.0571656238655,103.6860725459699,46.59927599076231,0.1138390029525545
P0409,P0409_02.jpg,P0409_02.jpg,.jpg,JPEG,L,1,8-bit,596880,582.891,0.56923,1988,2489,0.798714,4948132,0.0,255.0,255.0,39.52361113244351,12.0,56.9969585557931,10.0,29.0,19.0,0.0,4.0,184.0,213.0,180.0,213.0,5.673182487487793,56.9969585557931,122.4842507266351,53.34663667016159,0.09949209115682443
P0410,P0410_01.jpg,P0410_01.jpg,.jpg,JPEG,L,1,8-bit,922290,900.674,0.87956,2440,2540,0.96063,6197600,0.0,252.0,252.0,61.28227926939461,23.0,64.74551418171517,10.0,131.0,121.0,0.0,2.0,175.0,195.0,173.0,195.0,6.815085411071777,64.74551418171517,68.4491594774627,33.60441138505228,0.0024202917258293534
P0410,P0410_02.jpg,P0410_02.jpg,.jpg,JPEG,L,1,8-bit,469710,458.701,0.44795,1628,2159,0.754053,3514852,0.0,255.0,255.0,68.70488856998816,25.0,67.5356651863673,19.0,136.0,117.0,3.0,11.0,193.0,214.0,182.0,211.0,6.660222053527832,67.5356651863673,59.64012614976012,6.9951167218420585,0.10711688571808997
P0410,P0410_03.jpg,P0410_03.jpg,.jpg,JPEG,L,1,8-bit,420494,410.639,0.40101,1632,2171,0.751727,3543072,0.0,255.0,255.0,50.887232887166846,12.0,66.99886548878727,6.0,86.0,80.0,0.0,0.0,193.0,222.0,193.0,222.0,6.3654985427856445,66.99886548878727,47.92649884284272,52.75563127139387,0.17459425041320076
P0411,P0411_01.jpg,P0411_01.jpg,.jpg,JPEG,L,1,8-bit,650403,635.159,0.62027,2440,1524,1.60105,3718560,0.0,255.0,255.0,63.56946882664257,14.0,73.66932564170475,10.0,117.0,107.0,0.0,3.0,209.0,235.0,206.0,235.0,6.573996543884277,73.66932564170475,304.5947168105769,45.18485650359279,0.5588722516242847
P0412,P0412_01.jpg,P0412_01.jpg,.jpg,JPEG,L,1,8-bit,733838,716.639,0.69984,2436,1535,1.586971,3739260,0.0,255.0,255.0,60.356762567994735,13.0,72.24478176116898,8.0,108.0,100.0,0.0,0.0,203.0,230.0,203.0,230.0,6.648587226867676,72.24478176116898,497.65544026367417,48.57862250819681,0.3620769884950498
P0413,P0413_01.jpg,P0413_01.jpg,.jpg,JPEG,L,1,8-bit,599638,585.584,0.57186,2032,2438,0.83347,4954016,0.0,255.0,255.0,40.75745899892128,13.0,61.15470428906807,7.0,23.0,16.0,0.0,2.0,186.0,211.0,184.0,211.0,5.942282676696777,61.15470428906807,126.45028505900204,48.50541459696537,0.07995533320845148
P0413,P0413_02.jpg,P0413_02.jpg,.jpg,JPEG,L,1,8-bit,659845,644.38,0.62928,2032,2439,0.833128,4956048,0.0,255.0,255.0,40.940488873392674,14.0,57.221426653292596,10.0,32.0,22.0,0.0,5.0,185.0,210.0,180.0,210.0,6.040735721588135,57.221426653292596,162.80033627736648,43.368930244420554,0.08036645327083192
P0414,P0414_01.jpg,P0414_01.jpg,.jpg,JPEG,L,1,8-bit,696294,679.975,0.66404,2032,2439,0.833128,4956048,0.0,255.0,255.0,37.558974005094385,9.0,61.41014972266147,3.0,19.0,16.0,0.0,0.0,180.0,209.0,180.0,209.0,5.626937389373779,61.41014972266147,157.95043560884508,63.46225863833441,0.11815866190157964
P0414,P0414_02.jpg,P0414_02.jpg,.jpg,JPEG,L,1,8-bit,682539,666.542,0.65092,2032,2439,0.833128,4956048,0.0,255.0,255.0,63.4897293165845,33.0,58.669544927063,28.0,99.0,71.0,9.0,17.0,184.0,209.0,167.0,200.0,6.338481903076172,58.669544927063,61.44887680020912,2.3356916640032543,0.08169815950128005
P0415,P0415_01.jpg,P0415_01.jpg,.jpg,JPEG,L,1,8-bit,632368,617.547,0.60307,2032,2439,0.833128,4956048,0.0,255.0,255.0,42.349290604126516,16.0,55.5171567913578,14.0,38.0,24.0,0.0,6.0,176.0,204.0,170.0,204.0,5.48038387298584,55.5171567913578,66.04048553291682,18.24052148001795,0.07169018540579107
P0415,P0415_02.jpg,P0415_02.jpg,.jpg,JPEG,L,1,8-bit,609369,595.087,0.58114,2032,2439,0.833128,4956048,0.0,255.0,255.0,45.96465772728593,15.0,57.61231926502962,13.0,61.0,48.0,0.0,5.0,176.0,204.0,171.0,204.0,5.656533241271973,57.61231926502962,44.776671407834904,19.778339515678624,0.06993475446565489
P0416,P0416_01.jpg,P0416_01.jpg,.jpg,JPEG,L,1,8-bit,417877,408.083,0.39852,2332,918,2.540305,2140776,0.0,255.0,255.0,82.88492677421645,50.0,79.55702013901517,7.0,161.0,154.0,0.0,1.0,213.0,239.0,212.0,239.0,7.0545654296875,79.55702013901517,385.14379425962966,38.49543343161545,0.7102564677481437
P0417,P0417_01.jpg,P0417_01.jpg,.jpg,JPEG,L,1,8-bit,490077,478.591,0.46737,2228,1035,2.152657,2305980,0.0,255.0,255.0,90.16259637984717,73.0,81.71559375597586,7.0,169.0,162.0,0.0,1.0,217.0,241.0,216.0,241.0,7.147914886474609,81.71559375597586,376.43701943345536,35.223028820718305,0.8850033391443117
P0418,P0418_01.jpg,P0418_01.jpg,.jpg,JPEG,L,1,8-bit,643680,628.594,0.61386,1548,2507,0.617471,3880836,0.0,255.0,255.0,67.96735754873434,12.0,79.20273731232129,6.0,156.0,150.0,0.0,0.0,201.0,226.0,201.0,226.0,6.181401252746582,79.20273731232129,215.7822359455265,53.57039050348945,0.3594586321091641
P0418,P0418_02.jpg,P0418_02.jpg,.jpg,JPEG,L,1,8-bit,736890,719.619,0.70275,1700,2543,0.668502,4323100,0.0,255.0,255.0,69.53966459253776,11.0,78.9386541045027,9.0,157.0,148.0,0.0,1.0,204.0,225.0,203.0,225.0,6.129352569580078,78.9386541045027,257.53132199764286,55.87379426800213,0.30852860216048666
P0419,P0419_01.jpg,P0419_01.jpg,.jpg,JPEG,L,1,8-bit,581650,568.018,0.5547,2032,2439,0.833128,4956048,0.0,255.0,255.0,40.33550542690466,17.0,56.57526147664051,10.0,28.0,18.0,1.0,7.0,185.0,216.0,178.0,215.0,6.0107645988464355,56.57526147664051,90.76533128135212,35.139207691289506,0.13940542948736576
P0419,P0419_02.jpg,P0419_02.jpg,.jpg,JPEG,L,1,8-bit,636165,621.255,0.60669,2032,2439,0.833128,4956048,0.0,255.0,255.0,51.761922200914924,20.0,63.97584220063503,13.0,48.0,35.0,3.0,9.0,196.0,221.0,187.0,218.0,6.236600875854492,63.97584220063503,84.03705705309997,17.975209279651853,0.18641869489561036
P0420,P0420_01.jpg,P0420_01.jpg,.jpg,JPEG,L,1,8-bit,608155,593.901,0.57998,2032,2439,0.833128,4956048,0.0,255.0,255.0,38.02707096460728,16.0,54.624547579582895,11.0,23.0,12.0,0.0,7.0,182.0,214.0,175.0,214.0,5.728841781616211,54.624547579582895,158.67572009944317,33.462952739763615,0.11125800234380297
P0420,P0420_02.jpg,P0420_02.jpg,.jpg,JPEG,L,1,8-bit,640223,625.218,0.61056,2032,2439,0.833128,4956048,0.0,255.0,255.0,51.54003956378146,23.0,63.00404777749866,15.0,37.0,22.0,4.0,11.0,198.0,222.0,187.0,218.0,6.259598731994629,63.00404777749866,104.36437649843688,12.563437642250438,0.1644858968274722
P0421,P0421_01.jpg,P0421_01.jpg,.jpg,JPEG,L,1,8-bit,645135,630.015,0.61525,2032,2439,0.833128,4956048,0.0,255.0,255.0,51.533671384942195,21.0,62.313732755654875,6.0,104.0,98.0,0.0,0.0,174.0,199.0,174.0,199.0,6.590948104858398,62.313732755654875,57.126523261826925,38.4243453655009,0.045015706062572436
P0421,P0421_02.jpg,P0421_02.jpg,.jpg,JPEG,L,1,8-bit,572115,558.706,0.54561,2032,2439,0.833128,4956048,0.0,255.0,255.0,52.418895458639625,15.0,62.871427211441706,11.0,89.0,78.0,0.0,0.0,183.0,213.0,183.0,213.0,6.475277423858643,62.871427211441706,47.56299332719854,38.87597537392697,0.15580962896243136
P0422,P0422_01.jpg,P0422_01.jpg,.jpg,JPEG,L,1,8-bit,989830,966.631,0.94398,2924,2409,1.213782,7043916,0.0,255.0,255.0,51.48699104305049,10.0,70.99923121026374,4.0,95.0,91.0,0.0,0.0,196.0,220.0,196.0,220.0,6.185042381286621,70.99923121026374,70.25601876180016,58.939587013814474,0.10877472133398525
P0422,P0422_02.jpg,P0422_02.jpg,.jpg,JPEG,L,1,8-bit,389067,379.948,0.37104,1628,2150,0.757209,3500200,0.0,255.0,255.0,51.24699531455345,0.0,68.76569813743656,0.0,113.0,113.0,0.0,0.0,180.0,214.0,180.0,214.0,4.268558502197266,68.76569813743656,61.458566024205666,58.1914176332781,0.03711216501914177
P0422,P0422_03.jpg,P0422_03.jpg,.jpg,JPEG,L,1,8-bit,415990,406.24,0.39672,1628,2209,0.736985,3596252,0.0,255.0,255.0,58.50290608110889,0.0,74.67269668027548,0.0,135.0,135.0,0.0,0.0,189.0,215.0,189.0,215.0,4.31582498550415,74.67269668027548,54.0874737678386,57.081650562863786,0.1353631503020367
P0423,P0423_01.jpg,P0423_01.jpg,.jpg,JPEG,L,1,8-bit,449075,438.55,0.42827,1588,2438,0.651354,3871544,0.0,255.0,255.0,45.41982836821692,14.0,58.804455625076706,12.0,57.0,45.0,0.0,4.0,172.0,196.0,168.0,196.0,5.715518951416016,58.804455625076706,41.33783304181423,33.71564419776709,0.06041517286126672
P0423,P0423_02.jpg,P0423_02.jpg,.jpg,JPEG,L,1,8-bit,419787,409.948,0.40034,1484,2195,0.676082,3257380,0.0,255.0,255.0,55.01033038822612,13.0,66.54234985116545,10.0,99.0,89.0,0.0,1.0,189.0,217.0,188.0,217.0,6.213325500488281,66.54234985116545,55.83385842642033,45.657767899354695,0.1375338462199682
P0424,P0424_01.jpg,P0424_01.jpg,.jpg,JPEG,L,1,8-bit,869756,849.371,0.82946,2612,1336,1.95509,3489632,0.0,255.0,255.0,103.69364534713115,67.0,81.25471740164126,29.0,185.0,156.0,6.0,14.0,229.0,251.0,215.0,245.0,7.442198753356934,81.25471740164126,717.6460364226882,4.061860964136047,2.1812901761561103
P0425,P0425_01.jpg,P0425_01.jpg,.jpg,JPEG,L,1,8-bit,673803,658.011,0.64259,2032,2439,0.833128,4956048,0.0,255.0,255.0,53.6462909560198,13.0,68.54019652545301,9.0,112.0,103.0,0.0,1.0,189.0,213.0,188.0,213.0,6.1417083740234375,68.54019652545301,119.3365073057603,47.14355066779014,0.06367977065597427
P0425,P0425_02.jpg,P0425_02.jpg,.jpg,JPEG,L,1,8-bit,711697,695.017,0.67873,2032,2439,0.833128,4956048,0.0,255.0,255.0,77.38897464269918,35.0,72.34139470926556,28.0,140.0,112.0,0.0,4.0,214.0,245.0,210.0,245.0,6.911260604858398,72.34139470926556,93.82146811081844,8.657906460954374,1.1384474080961282
P0426,P0426_01.jpg,P0426_01.jpg,.jpg,JPEG,L,1,8-bit,518649,506.493,0.49462,1756,2439,0.719967,4282884,0.0,255.0,255.0,46.41246202325349,16.0,60.245984449299385,11.0,56.0,45.0,0.0,4.0,181.0,204.0,177.0,204.0,6.183984279632568,60.245984449299385,51.07462513493261,38.58005493494571,0.05062009617818274
P0426,P0426_02.jpg,P0426_02.jpg,.jpg,JPEG,L,1,8-bit,576500,562.988,0.54979,1832,2439,0.751128,4468248,0.0,255.0,255.0,64.3233757392159,27.0,66.18637330479187,19.0,111.0,92.0,0.0,8.0,197.0,229.0,189.0,229.0,6.886848449707031,66.18637330479187,61.5481954092398,11.940317547280277,0.4063113775242556
P0427,P0427_01.jpg,P0427_01.jpg,.jpg,JPEG,L,1,8-bit,536300,523.73,0.51146,2032,2439,0.833128,4956048,0.0,255.0,255.0,57.92125056093081,35.0,62.22115401184553,18.0,69.0,51.0,0.0,0.0,192.0,217.0,192.0,217.0,6.078419208526611,62.22115401184553,62.80934855806837,24.10848321081636,0.1785495217156896
P0427,P0427_02.jpg,P0427_02.jpg,.jpg,JPEG,L,1,8-bit,639122,624.143,0.60951,2032,2439,0.833128,4956048,0.0,255.0,255.0,66.74087175911129,41.0,57.83267905269428,32.0,112.0,80.0,0.0,0.0,181.0,210.0,181.0,210.0,6.596364498138428,57.83267905269428,49.429362985802335,13.472145548227136,0.12451453254690027
P0428,P0428_01.jpg,P0428_01.jpg,.jpg,JPEG,L,1,8-bit,547987,535.144,0.5226,2032,2439,0.833128,4956048,0.0,255.0,255.0,42.18352061965501,21.0,49.560667667091586,18.0,26.0,8.0,2.0,11.0,167.0,200.0,156.0,198.0,5.648711681365967,49.560667667091586,40.384604884718016,6.418178355011897,0.0670090362320946
P0428,P0428_02.jpg,P0428_02.jpg,.jpg,JPEG,L,1,8-bit,589743,575.921,0.56242,2032,2439,0.833128,4956048,0.0,255.0,255.0,44.22561363408909,22.0,47.393281425156864,19.0,48.0,29.0,1.0,11.0,155.0,187.0,144.0,186.0,5.6627583503723145,47.393281425156864,40.85534279226686,6.481474755692439,0.06531413739334244
P0429,P0429_01.jpg,P0429_01.jpg,.jpg,JPEG,L,1,8-bit,621812,607.238,0.59301,2032,2553,0.795926,5187696,0.0,255.0,255.0,52.75023844882198,23.0,61.74614111524435,14.0,86.0,72.0,0.0,0.0,178.0,199.0,178.0,199.0,6.117920398712158,61.74614111524435,49.84332511518984,22.998899704223223,0.05177635698005434
P0429,P0429_02.jpg,P0429_02.jpg,.jpg,JPEG,L,1,8-bit,706729,690.165,0.67399,2032,2553,0.795926,5187696,0.0,255.0,255.0,72.17606544408153,27.0,71.69115632913909,23.0,141.0,118.0,2.0,12.0,206.0,229.0,194.0,227.0,6.555056571960449,71.69115632913909,59.584926888007864,5.181047617285207,0.23787053057850732
P0430,P0430_01.jpg,P0430_01.jpg,.jpg,JPEG,L,1,8-bit,719344,702.484,0.68602,2032,2439,0.833128,4956048,0.0,255.0,255.0,55.00949627606512,33.0,55.66512433278736,17.0,57.0,40.0,0.0,8.0,176.0,204.0,168.0,204.0,6.877840042114258,55.66512433278736,63.93306422575521,15.178061229431192,0.06079440715667
P0430,P0430_02.jpg,P0430_02.jpg,.jpg,JPEG,L,1,8-bit,679922,663.986,0.64842,2032,2439,0.833128,4956048,0.0,255.0,255.0,61.41990553763805,32.0,60.70872217351122,26.0,81.0,55.0,0.0,9.0,197.0,234.0,188.0,234.0,6.70643949508667,60.70872217351122,55.13429163743247,6.800842122594454,0.6831451188527633
P0431,P0431_01.jpg,P0431_01.jpg,.jpg,JPEG,L,1,8-bit,879323,858.714,0.83859,2440,2845,0.857645,6941800,0.0,255.0,255.0,42.774950012964936,12.0,57.86894848557053,9.0,57.0,48.0,0.0,0.0,174.0,199.0,174.0,199.0,6.021657943725586,57.86894848557053,42.415617574502164,55.407833703074125,0.04569420035149385
P0431,P0431_02.jpg,P0431_02.jpg,.jpg,JPEG,L,1,8-bit,568940,555.605,0.54258,2032,2439,0.833128,4956048,0.0,255.0,255.0,42.27459641230271,21.0,46.92252029580911,19.0,39.0,20.0,0.0,9.0,156.0,184.0,147.0,184.0,5.373242378234863,46.92252029580911,51.09877354261596,7.91447136912314,0.06934961081894284
P0431,P0431_03.jpg,P0431_03.jpg,.jpg,JPEG,L,1,8-bit,591559,577.694,0.56415,2032,2439,0.833128,4956048,0.0,255.0,255.0,58.136322933111224,25.0,66.19442886304766,23.0,62.0,39.0,3.0,12.0,209.0,233.0,197.0,230.0,5.651444911956787,66.19442886304766,48.20906821082724,5.139901792718715,0.38764757726317417
P0432,P0432_01.jpg,P0432_01.jpg,.jpg,JPEG,L,1,8-bit,496527,484.89,0.47353,2440,1540,1.584416,3757600,0.0,255.0,255.0,40.5444453906749,10.0,54.174902663298504,8.0,57.0,49.0,0.0,1.0,164.0,198.0,163.0,198.0,5.936352729797363,54.174902663298504,56.589894674262375,61.5421279540132,0.07310517351500957
P0433,P0433_01.jpg,P0433_01.jpg,.jpg,JPEG,L,1,8-bit,505329,493.485,0.48192,2440,1570,1.55414,3830800,0.0,255.0,255.0,43.44373211861752,13.0,56.004323867874255,9.0,60.0,51.0,0.0,1.0,170.0,199.0,169.0,199.0,6.161401748657227,56.004323867874255,51.35095961879472,46.13172183355957,0.08222825519473739
P0434,P0434_01.jpg,P0434_01.jpg,.jpg,JPEG,L,1,8-bit,635611,620.714,0.60617,2032,2439,0.833128,4956048,0.0,255.0,255.0,38.33971967180302,12.0,56.926772516142776,9.0,34.0,25.0,0.0,0.0,181.0,209.0,181.0,209.0,5.85948371887207,56.926772516142776,49.15202738209798,54.7605874680794,0.11271077277701912
P0434,P0434_02.jpg,P0434_02.jpg,.jpg,JPEG,L,1,8-bit,675759,659.921,0.64445,2032,2439,0.833128,4956048,0.0,255.0,255.0,46.702494810381175,12.0,62.95110519997835,8.0,66.0,58.0,0.0,0.0,186.0,215.0,186.0,215.0,6.208810329437256,62.95110519997835,61.17992090067307,53.134614515436496,0.10804980097045065
P0435,P0435_01.jpg,P0435_01.jpg,.jpg,JPEG,L,1,8-bit,712795,696.089,0.67977,2440,1771,1.377753,4321240,0.0,255.0,255.0,59.68543797613648,16.0,62.30881345025603,11.0,111.0,100.0,0.0,2.0,180.0,202.0,178.0,202.0,6.624678611755371,62.30881345025603,94.5763585659293,36.58364265812591,0.07935222297303551
P0436,P0436_01.jpg,P0436_01.jpg,.jpg,JPEG,L,1,8-bit,592403,578.519,0.56496,2032,2439,0.833128,4956048,0.0,255.0,255.0,48.57493813619239,23.0,54.02182714530003,20.0,44.0,24.0,3.0,11.0,175.0,198.0,164.0,195.0,5.745993137359619,54.02182714530003,49.78662363769055,6.273466277969867,0.06973298079437487
P0436,P0436_02.jpg,P0436_02.jpg,.jpg,JPEG,L,1,8-bit,645123,630.003,0.61524,2032,2439,0.833128,4956048,0.0,255.0,255.0,58.53330778878655,31.0,53.243605654195356,29.0,75.0,46.0,8.0,17.0,176.0,202.0,159.0,194.0,5.774444103240967,53.243605654195356,60.62989821862762,2.444084480214881,0.07972077752273586
P0437,P0437_01.jpg,P0437_01.jpg,.jpg,JPEG,L,1,8-bit,548349,535.497,0.52295,2032,2439,0.833128,4956048,0.0,255.0,255.0,47.127004217876824,17.0,58.661060035205274,14.0,52.0,38.0,0.0,7.0,176.0,197.0,169.0,197.0,5.715341567993164,58.661060035205274,41.45304336719724,14.724675790064987,0.056577337426917576
P0437,P0437_02.jpg,P0437_02.jpg,.jpg,JPEG,L,1,8-bit,586951,573.194,0.55976,2032,2439,0.833128,4956048,0.0,255.0,255.0,48.026339736822564,12.0,64.87818932083579,10.0,66.0,56.0,0.0,1.0,193.0,218.0,192.0,218.0,5.73650598526001,64.87818932083579,48.96470723105384,57.628860737426265,0.07576601356564747
P0438,P0438_01.jpg,P0438_01.jpg,.jpg,JPEG,L,1,8-bit,593822,579.904,0.56631,2032,2439,0.833128,4956048,0.0,255.0,255.0,48.77499350288778,18.0,59.09280341771147,17.0,49.0,32.0,0.0,8.0,182.0,205.0,174.0,205.0,5.581449031829834,59.09280341771147,58.84477426215871,9.787415295412796,0.06127866396774204
P0438,P0438_02.jpg,P0438_02.jpg,.jpg,JPEG,L,1,8-bit,576843,563.323,0.55012,2032,2439,0.833128,4956048,0.0,255.0,255.0,45.5648851665682,14.0,56.38492303831737,12.0,60.0,48.0,0.0,3.0,171.0,197.0,168.0,197.0,5.918337821960449,56.38492303831737,43.61870623641215,34.90172008019293,0.05746514158054966
P0439,P0439_01.jpg,P0439_01.jpg,.jpg,JPEG,L,1,8-bit,587402,573.635,0.56019,2440,1663,1.467228,4057720,0.0,255.0,255.0,48.644562217205724,11.0,57.6104100218527,9.0,85.0,76.0,0.0,2.0,171.0,198.0,169.0,198.0,6.109973907470703,57.6104100218527,54.93215408375927,56.81838569442939,0.06316354997387695
P0440,P0440_01.jpg,P0440_01.jpg,.jpg,JPEG,L,1,8-bit,630393,615.618,0.60119,2440,1780,1.370787,4343200,0.0,255.0,255.0,48.86567761097808,13.0,57.28988311644393,9.0,84.0,75.0,0.0,1.0,170.0,197.0,169.0,197.0,6.309892654418945,57.28988311644393,73.81006768514956,45.33898968502486,0.07598084361760914
P0441,P0441_01.jpg,P0441_01.jpg,.jpg,JPEG,L,1,8-bit,491269,479.755,0.46851,1628,2224,0.732014,3620672,0.0,255.0,255.0,61.703818241475616,24.0,67.91374777677864,17.0,103.0,86.0,0.0,9.0,200.0,225.0,191.0,225.0,6.622947692871094,67.91374777677864,68.57274498011697,9.281868117299771,0.16143412051685432
P0441,P0441_02.jpg,P0441_02.jpg,.jpg,JPEG,L,1,8-bit,441728,431.375,0.42126,1628,2303,0.706904,3749284,0.0,255.0,255.0,51.57166328290948,14.0,65.1568646118079,10.0,82.0,72.0,0.0,0.0,193.0,223.0,193.0,223.0,6.273868083953857,65.1568646118079,43.37295218092447,43.12020641807876,0.2679978363868941
P0442,P0442_01.jpg,P0442_01.jpg,.jpg,JPEG,L,1,8-bit,473068,461.98,0.45115,2440,1578,1.546261,3850320,0.0,255.0,255.0,50.02933106858651,17.0,60.3708920642759,13.0,77.0,64.0,0.0,5.0,182.0,207.0,177.0,207.0,6.3044939041137695,60.3708920642759,166.19579340824802,24.07527166573168,0.0918365226786345
P0443,P0443_01.jpg,P0443_01.jpg,.jpg,JPEG,L,1,8-bit,449340,438.809,0.42852,2440,1467,1.663258,3579480,0.0,255.0,255.0,53.51112954954351,21.0,62.65425247264778,13.0,85.0,72.0,0.0,5.0,187.0,211.0,182.0,211.0,6.595271587371826,62.65425247264778,156.79081106187553,23.64958038597785,0.12733693162135282
P0444,P0444_01.jpg,P0444_01.jpg,.jpg,JPEG,L,1,8-bit,342531,334.503,0.32666,1344,2032,0.661417,2731008,0.0,255.0,255.0,59.865707826560744,28.0,61.269468603826915,18.0,95.0,77.0,3.0,10.0,182.0,204.0,172.0,201.0,6.683980464935303,61.269468603826915,51.462434247106366,7.512464262279715,0.09714361876640419
P0445,P0445_01.jpg,P0445_01.jpg,.jpg,JPEG,L,1,8-bit,336714,328.822,0.32112,1392,2032,0.685039,2828544,0.0,255.0,255.0,58.45022280014028,31.0,55.641035890431255,21.0,78.0,57.0,7.0,15.0,177.0,200.0,162.0,193.0,6.656268119812012,55.641035890431255,58.029719492210674,3.175768169065074,0.1147940424472803
P0446,P0446_01.jpg,P0446_01.jpg,.jpg,JPEG,L,1,8-bit,525924,513.598,0.50156,1908,2439,0.782288,4653612,0.0,255.0,255.0,46.375191141848525,20.0,54.63309499767893,17.0,44.0,27.0,1.0,8.0,174.0,198.0,166.0,197.0,5.998869895935059,54.63309499767893,33.93963575256843,10.212239438956235,0.06725958244907397
P0446,P0446_02.jpg,P0446_02.jpg,.jpg,JPEG,L,1,8-bit,613949,599.56,0.58551,1932,2439,0.792128,4712148,0.0,255.0,255.0,56.984087936117454,25.0,55.03999127123957,23.0,90.0,67.0,5.0,13.0,172.0,197.0,159.0,192.0,6.1454572677612305,55.03999127123957,40.99955988159253,4.787901398682724,0.06869478632674525
P0447,P0447_01.jpg,P0447_01.jpg,.jpg,JPEG,L,1,8-bit,705476,688.941,0.67279,2032,2439,0.833128,4956048,0.0,255.0,255.0,52.40918691667232,18.0,66.71536783333163,9.0,71.0,62.0,0.0,0.0,192.0,219.0,192.0,219.0,6.62909460067749,66.71536783333163,70.28694946698585,35.43288926983758,0.16218567697487998
P0447,P0447_02.jpg,P0447_02.jpg,.jpg,JPEG,L,1,8-bit,666436,650.816,0.63556,2032,2439,0.833128,4956048,0.0,255.0,255.0,53.08660933066024,10.0,69.48831554679447,0.0,121.0,121.0,0.0,0.0,182.0,206.0,182.0,206.0,5.6203155517578125,69.48831554679447,54.496011557204504,54.740046908343096,0.03341371996397129
P0448,P0448_01.jpg,P0448_01.jpg,.jpg,JPEG,L,1,8-bit,576653,563.138,0.54994,2032,2439,0.833128,4956048,0.0,255.0,255.0,52.1724807750046,24.0,60.358849362714395,21.0,37.0,16.0,4.0,13.0,196.0,224.0,183.0,220.0,5.760260581970215,60.358849362714395,51.35041558233469,4.5997940294363575,0.20889628187620457
P0448,P0448_02.jpg,P0448_02.jpg,.jpg,JPEG,L,1,8-bit,603826,589.674,0.57585,2032,2439,0.833128,4956048,0.0,255.0,255.0,58.732359533241,29.0,56.15289706596051,27.0,77.0,50.0,9.0,18.0,184.0,215.0,166.0,206.0,5.911438941955566,56.15289706596051,67.20180387351577,2.2276822177670597,0.12776308865450858
P0449,P0449_01.jpg,P0449_01.jpg,.jpg,JPEG,L,1,8-bit,615762,601.33,0.58724,2032,2439,0.833128,4956048,0.0,255.0,255.0,54.58049881679919,29.0,55.072211610979124,20.0,56.0,36.0,5.0,13.0,181.0,203.0,168.0,198.0,6.625746726989746,55.072211610979124,57.609819636700244,4.621868069074392,0.050625014124156986
P0449,P0449_02.jpg,P0449_02.jpg,.jpg,JPEG,L,1,8-bit,638176,623.219,0.60861,2032,2439,0.833128,4956048,0.0,255.0,255.0,56.977318419837744,20.0,67.21122118180226,16.0,76.0,60.0,0.0,8.0,204.0,227.0,196.0,227.0,6.4048662185668945,67.21122118180226,64.09620467509718,11.228846048303003,0.20346857011877204
P0450,P0450_01.jpg,P0450_01.jpg,.jpg,JPEG,L,1,8-bit,641889,626.845,0.61215,2472,2234,1.106535,5522448,0.0,255.0,255.0,43.41742013686684,16.0,54.956875310172485,13.0,50.0,37.0,0.0,4.0,173.0,205.0,169.0,205.0,5.874156475067139,54.956875310172485,50.07615782498039,21.366375926038597,0.060661503738921575
P0451,P0451_01.jpg,P0451_01.jpg,.jpg,JPEG,L,1,8-bit,469714,458.705,0.44795,2044,1146,1.783595,2342424,0.0,255.0,255.0,79.74986509701061,26.0,79.41684746129462,16.0,159.0,143.0,1.0,6.0,220.0,249.0,214.0,248.0,7.040607452392578,79.41684746129462,506.9509622189436,18.14594625055071,1.4999419404855825
P0452,P0452_01.jpg,P0452_01.jpg,.jpg,JPEG,L,1,8-bit,463426,452.564,0.44196,2112,1139,1.854258,2405568,0.0,255.0,255.0,80.74066457485301,32.0,78.68871922733234,15.0,159.0,144.0,1.0,7.0,218.0,246.0,211.0,245.0,7.004689693450928,78.68871922733234,365.24455161116003,13.346369755500573,1.2271945752520819
P0453,P0453_01.jpg,P0453_01.jpg,.jpg,JPEG,L,1,8-bit,623160,608.555,0.59429,2032,2439,0.833128,4956048,0.0,255.0,255.0,54.09858661578742,21.0,63.633941886146424,19.0,59.0,40.0,1.0,10.0,196.0,219.0,186.0,218.0,5.874166011810303,63.633941886146424,99.93473868876622,7.341111304813835,0.09562054281960143
P0453,P0453_02.jpg,P0453_02.jpg,.jpg,JPEG,L,1,8-bit,678407,662.507,0.64698,2032,2439,0.833128,4956048,0.0,255.0,255.0,57.28864369352355,16.0,69.86044211027448,13.0,107.0,94.0,0.0,5.0,198.0,217.0,193.0,217.0,6.214025974273682,69.86044211027448,132.7732220215394,24.610032025517107,0.09315890402998518
P0454,P0454_01.jpg,P0454_01.jpg,.jpg,JPEG,L,1,8-bit,593829,579.911,0.56632,2032,2439,0.833128,4956048,0.0,255.0,255.0,65.81792952772048,34.0,60.76372924777342,31.0,78.0,47.0,10.0,21.0,198.0,221.0,177.0,211.0,6.081045150756836,60.76372924777342,50.621020904029656,1.5826723227862198,0.1267945750323645
P0454,P0454_02.jpg,P0454_02.jpg,.jpg,JPEG,L,1,8-bit,567769,554.462,0.54147,2032,2439,0.833128,4956048,0.0,255.0,255.0,44.94150762865896,8.0,67.0754033030962,7.0,55.0,48.0,0.0,0.0,194.0,216.0,194.0,216.0,5.556985378265381,67.0754033030962,97.29975506700748,69.03990841089514,0.101350915083954
P0455,P0455_01.jpg,P0455_01.jpg,.jpg,JPEG,L,1,8-bit,440694,430.365,0.42028,2364,1195,1.978243,2824980,0.0,255.0,255.0,62.47482389255853,10.0,75.64485345758938,0.0,139.0,139.0,0.0,0.0,197.0,223.0,197.0,223.0,5.551687240600586,75.64485345758938,189.32441879630295,50.43777301078237,0.0036460435118124733
P0456,P0456_01.jpg,P0456_01.jpg,.jpg,JPEG,L,1,8-bit,569770,556.416,0.54338,2288,1508,1.517241,3450304,0.0,255.0,255.0,65.08441024327132,14.0,72.3590303993953,11.0,132.0,121.0,0.0,3.0,204.0,233.0,201.0,233.0,6.591281890869141,72.3590303993953,186.4795508271045,40.91801765873384,0.4627128508096678
P0457,P0457_01.jpg,P0457_01.jpg,.jpg,JPEG,L,1,8-bit,699163,682.776,0.66677,2032,2439,0.833128,4956048,0.0,255.0,255.0,42.14924673853038,15.0,60.27046730321349,12.0,28.0,16.0,7.0,7.0,200.0,230.0,193.0,223.0,5.524158477783203,60.27046730321349,73.72256884110037,25.506310673342952,0.3894837176718224
P0457,P0457_02.jpg,P0457_02.jpg,.jpg,JPEG,L,1,8-bit,755654,737.943,0.72065,2032,2439,0.833128,4956048,0.0,255.0,255.0,47.34393351315403,14.0,63.32761271299827,10.0,61.0,51.0,0.0,1.0,188.0,216.0,187.0,216.0,6.095067024230957,63.32761271299827,58.614534719572,36.87046614560634,0.08601611606667248
P0458,P0458_01.jpg,P0458_01.jpg,.jpg,JPEG,L,1,8-bit,636110,621.201,0.60664,2032,2439,0.833128,4956048,0.0,255.0,255.0,74.41540659008952,48.0,52.81262605225087,45.0,85.0,40.0,21.0,34.0,187.0,213.0,153.0,192.0,6.047919273376465,52.81262605225087,53.396237384139646,0.1450954470174623,0.09616533173205748
P0458,P0458_02.jpg,P0458_02.jpg,.jpg,JPEG,L,1,8-bit,554796,541.793,0.52909,2032,2439,0.833128,4956048,0.0,255.0,255.0,42.13361371802694,11.0,62.53032663352693,9.0,42.0,33.0,0.0,0.0,192.0,221.0,192.0,221.0,5.5468549728393555,62.53032663352693,133.24242153173557,66.01697562251213,0.12443382307838827
P0459,P0459_01.jpg,P0459_01.jpg,.jpg,JPEG,L,1,8-bit,581036,567.418,0.55412,2032,2439,0.833128,4956048,0.0,255.0,255.0,34.877131537063406,14.0,51.5560947994148,11.0,23.0,12.0,0.0,1.0,170.0,219.0,169.0,219.0,5.468898773193359,51.5560947994148,61.44688063601309,35.27498119469384,0.1672905508582645
P0459,P0459_02.jpg,P0459_02.jpg,.jpg,JPEG,L,1,8-bit,414717,404.997,0.3955,2032,2439,0.833128,4956048,0.0,255.0,255.0,20.67374529060251,0.0,42.096116037093935,0.0,11.0,11.0,0.0,0.0,126.0,163.0,126.0,163.0,3.0888304710388184,42.096116037093935,49.19036813726188,75.38577108212027,0.060269795611341936
P0460,P0460_01.jpg,P0460_01.jpg,.jpg,JPEG,L,1,8-bit,564104,550.883,0.53797,2440,2032,1.200787,4958080,0.0,255.0,255.0,49.66622099683749,1.0,69.94569423932398,0.0,118.0,118.0,0.0,0.0,184.0,217.0,184.0,217.0,5.013998031616211,69.94569423932398,84.635155404603,58.40641942042081,0.03511439912224087
P0461,P0461_01.jpg,P0461_01.jpg,.jpg,JPEG,L,1,8-bit,617075,602.612,0.58849,2440,2032,1.200787,4958080,0.0,255.0,255.0,55.184093439395895,8.0,70.59901228139806,6.0,117.0,111.0,0.0,0.0,192.0,224.0,192.0,224.0,6.0253190994262695,70.59901228139806,100.69966746196091,56.02136310829998,0.20487769459145477
P0462,P0462_01.jpg,P0462_01.jpg,.jpg,JPEG,L,1,8-bit,386979,377.909,0.36905,1308,2260,0.578761,2956080,0.0,255.0,255.0,54.75857080999161,3.0,79.6983626811053,0.0,111.0,111.0,0.0,0.0,218.0,251.0,218.0,251.0,4.975815773010254,79.6983626811053,91.17383579222714,57.672965548970254,1.71774782820492
P0462,P0462_02.jpg,P0462_02.jpg,.jpg,JPEG,L,1,8-bit,492491,480.948,0.46968,1268,2439,0.519885,3092652,0.0,255.0,255.0,65.28785165611909,23.0,68.37259890908123,15.0,121.0,106.0,0.0,3.0,200.0,230.0,197.0,230.0,6.9344892501831055,68.37259890908123,77.82147228873492,15.584488652457503,0.3538387118886962
P0463,P0463_01.jpg,P0463_01.jpg,.jpg,JPEG,L,1,8-bit,576376,562.867,0.54967,2032,2439,0.833128,4956048,0.0,255.0,255.0,44.57371437887607,7.0,66.53351629144696,0.0,59.0,59.0,0.0,0.0,187.0,215.0,187.0,215.0,5.3332037925720215,66.53351629144696,60.335450971628966,56.15728499804683,0.11918770762510775
P0463,P0463_02.jpg,P0463_02.jpg,.jpg,JPEG,L,1,8-bit,520714,508.51,0.49659,2032,2439,0.833128,4956048,0.0,255.0,255.0,46.556963128686405,13.0,60.34150996490357,10.0,70.0,60.0,0.0,2.0,179.0,207.0,177.0,207.0,5.991927623748779,60.34150996490357,42.838593349636376,38.27751466491043,0.0496968552362689
P0464,P0464_01.jpg,P0464_01.jpg,.jpg,JPEG,L,1,8-bit,513708,501.668,0.48991,2440,1426,1.71108,3479440,0.0,255.0,255.0,53.86790604235164,12.0,62.22434819723144,10.0,95.0,85.0,0.0,3.0,181.0,210.0,178.0,210.0,6.16493034362793,62.22434819723144,111.35155841828399,52.16319292759755,0.3235003333869818
P0465,P0465_01.jpg,P0465_01.jpg,.jpg,JPEG,L,1,8-bit,559421,546.31,0.53351,2032,2439,0.833128,4956048,0.0,255.0,255.0,47.45641103556705,15.0,60.93045932694837,13.0,57.0,44.0,0.0,6.0,180.0,202.0,174.0,202.0,5.719623565673828,60.93045932694837,45.679033486700696,23.261659289821246,0.056738756363941587
P0465,P0465_02.jpg,P0465_02.jpg,.jpg,JPEG,L,1,8-bit,560363,547.229,0.5344,1980,2439,0.811808,4829220,0.0,255.0,255.0,48.32356529625903,11.0,65.23514547064279,9.0,68.0,59.0,0.0,0.0,193.0,219.0,193.0,219.0,6.000483512878418,65.23514547064279,47.319066635538114,59.57380280873515,0.08330537850833054
P0466,P0466_01.jpg,P0466_01.jpg,.jpg,JPEG,L,1,8-bit,625743,611.077,0.59676,2032,2439,0.833128,4956048,0.0,255.0,255.0,49.095156261601986,17.0,60.34859777458597,15.0,54.0,39.0,0.0,7.0,181.0,202.0,174.0,202.0,5.730937957763672,60.34859777458597,84.98023692293879,13.543351476821854,0.06438597850545436
P0466,P0466_02.jpg,P0466_02.jpg,.jpg,JPEG,L,1,8-bit,612855,598.491,0.58446,2032,2439,0.833128,4956048,0.0,255.0,255.0,59.58106015115269,22.0,63.96388777773309,19.0,104.0,85.0,1.0,9.0,189.0,210.0,180.0,209.0,6.138692855834961,63.96388777773309,50.234888681335406,8.168403534429045,0.07177089487430308
P0467,P0467_01.jpg,P0467_01.jpg,.jpg,JPEG,L,1,8-bit,308868,301.629,0.29456,1276,2032,0.627953,2592832,0.0,255.0,255.0,53.27013474070051,0.0,79.29259779546976,0.0,106.0,106.0,0.0,0.0,216.0,249.0,216.0,249.0,4.6181535720825195,79.29259779546976,88.9320561529974,61.05193086169871,1.4118924789573717
P0467,P0467_02.jpg,P0467_02.jpg,.jpg,JPEG,L,1,8-bit,373655,364.897,0.35635,1148,2032,0.564961,2332736,0.0,255.0,255.0,79.48986897788691,31.0,67.34400363876826,25.0,141.0,116.0,8.0,13.0,200.0,226.0,187.0,218.0,6.920454978942871,67.34400363876826,73.26314460685751,4.385922796235836,0.28451569316030617
P0468,P0468_01.jpg,P0468_01.jpg,.jpg,JPEG,L,1,8-bit,718468,701.629,0.68518,2172,2521,0.861563,5475612,0.0,255.0,255.0,42.04631390975109,17.0,55.19104597217829,13.0,29.0,16.0,0.0,5.0,173.0,201.0,168.0,201.0,5.788756847381592,55.19104597217829,91.74192852962383,20.031532548325192,0.06421200041200875
P0468,P0468_02.jpg,P0468_02.jpg,.jpg,JPEG,L,1,8-bit,664409,648.837,0.63363,2096,2625,0.798476,5502000,0.0,255.0,255.0,39.219603598691386,14.0,53.09665638357898,11.0,40.0,29.0,0.0,3.0,167.0,196.0,164.0,196.0,5.836957931518555,53.09665638357898,42.86464487316396,39.72911668484188,0.05781533987640858
P0469,P0469_01.jpg,P0469_01.jpg,.jpg,JPEG,L,1,8-bit,557987,544.909,0.53214,2032,2439,0.833128,4956048,0.0,255.0,255.0,43.861067931545456,17.0,56.12212360893825,15.0,36.0,21.0,0.0,7.0,175.0,200.0,168.0,200.0,5.432919502258301,56.12212360893825,50.39816262928927,13.787598505906317,0.0670897457006066
P0469,P0469_02.jpg,P0469_02.jpg,.jpg,JPEG,L,1,8-bit,524257,511.97,0.49997,2032,2439,0.833128,4956048,0.0,255.0,255.0,35.57768346876382,10.0,48.165868184306625,9.0,47.0,38.0,0.0,1.0,150.0,183.0,149.0,183.0,5.498550891876221,48.165868184306625,31.8513193213294,66.17522671289706,0.06343764225043824
P0470,P0470_01.jpg,P0470_01.jpg,.jpg,JPEG,L,1,8-bit,586031,572.296,0.55888,1692,2439,0.693727,4126788,0.0,255.0,255.0,78.72601863725492,51.0,61.63157504798933,33.0,117.0,84.0,17.0,25.0,203.0,243.0,178.0,226.0,7.072231292724609,61.63157504798933,88.01005793423407,0.30326248888966434,1.017716441939833
P0470,P0470_02.jpg,P0470_02.jpg,.jpg,JPEG,L,1,8-bit,693512,677.258,0.66138,1644,2439,0.674047,4009716,0.0,255.0,255.0,78.50781950641891,53.0,62.68689055314753,26.0,130.0,104.0,1.0,13.0,194.0,239.0,181.0,238.0,7.447758197784424,62.68689055314753,86.29502988448849,4.344996004704573,0.8008297844535623
P0471,P0471_01.jpg,P0471_01.jpg,.jpg,JPEG,L,1,8-bit,526202,513.869,0.50183,1628,2234,0.728738,3636952,0.0,255.0,255.0,82.56132552752965,49.0,64.21194307819388,33.0,138.0,105.0,19.0,25.0,206.0,227.0,181.0,208.0,7.033535003662109,64.21194307819388,71.59937442330818,0.1706373908701572,0.20385201674369088
P0471,P0471_02.jpg,P0471_02.jpg,.jpg,JPEG,L,1,8-bit,584065,570.376,0.55701,1628,2166,0.751616,3526248,0.0,255.0,255.0,75.09585542480279,35.0,62.66892317564213,23.0,133.0,110.0,1.0,12.0,185.0,211.0,173.0,210.0,7.025545597076416,62.66892317564213,78.88705633431032,5.343810191455621,0.09795113673230016
P0472,P0472_01.jpg,P0472_01.jpg,.jpg,JPEG,L,1,8-bit,336496,328.609,0.32091,1416,2218,0.638413,3140688,0.0,255.0,255.0,44.90987165869389,0.0,66.50775426567085,0.0,102.0,102.0,0.0,0.0,175.0,210.0,175.0,210.0,3.790397882461548,66.50775426567085,67.07727605486137,63.707187724473116,0.16018783145603765
P0472,P0472_02.jpg,P0472_02.jpg,.jpg,JPEG,L,1,8-bit,384642,375.627,0.36682,1628,2032,0.801181,3308096,0.0,255.0,255.0,49.319004647990866,0.0,69.59433598198687,0.0,102.0,102.0,0.0,0.0,190.0,238.0,190.0,238.0,4.185059070587158,69.59433598198687,77.24515067553698,59.793518688695855,0.8227088935750353
P0473,P0473_01.jpg,P0473_01.jpg,.jpg,JPEG,L,1,8-bit,321064,313.539,0.30619,1276,2247,0.567868,2867172,0.0,255.0,255.0,47.69815239546145,0.0,65.48592280491025,0.0,108.0,108.0,0.0,0.0,171.0,199.0,171.0,199.0,4.389830589294434,65.48592280491025,63.072547605713396,59.43243028321984,0.09577381475544543
P0473,P0473_02.jpg,P0473_02.jpg,.jpg,JPEG,L,1,8-bit,360389,351.942,0.34369,1628,2032,0.801181,3308096,0.0,255.0,255.0,47.885960080965,0.0,67.01682195210644,0.0,87.0,87.0,0.0,0.0,185.0,217.0,185.0,217.0,4.5721330642700195,67.01682195210644,48.833929834496544,57.13235045174021,0.17841078372574434
P0474,P0474_01.jpg,P0474_01.jpg,.jpg,JPEG,L,1,8-bit,559088,545.984,0.53319,2032,2439,0.833128,4956048,0.0,255.0,255.0,48.351623107766514,20.0,58.417428167840995,17.0,30.0,13.0,3.0,11.0,183.0,212.0,172.0,209.0,5.893009662628174,58.417428167840995,44.28982153242358,7.316313320613521,0.12429258150849225
P0474,P0474_02.jpg,P0474_02.jpg,.jpg,JPEG,L,1,8-bit,585243,571.526,0.55813,2032,2439,0.833128,4956048,0.0,255.0,255.0,47.52555604788331,17.0,57.85873465692734,14.0,67.0,53.0,0.0,5.0,176.0,205.0,171.0,205.0,5.920330047607422,57.85873465692734,42.624954798219896,20.292418475365857,0.07758197660716765
P0475,P0475_01.jpg,P0475_01.jpg,.jpg,JPEG,L,1,8-bit,940890,918.838,0.8973,2848,2439,1.167692,6946272,0.0,255.0,255.0,48.10191365958603,13.0,60.133835171679024,8.0,83.0,75.0,0.0,1.0,170.0,192.0,169.0,192.0,6.309394836425781,60.133835171679024,50.36872899597225,47.735130441192055,0.0457511597587886
P0475,P0475_02.jpg,P0475_02.jpg,.jpg,JPEG,L,1,8-bit,677423,661.546,0.64604,2032,2439,0.833128,4956048,0.0,255.0,255.0,64.40355379931752,29.0,60.37668079095152,21.0,121.0,100.0,3.0,13.0,179.0,203.0,166.0,200.0,6.47863245010376,60.37668079095152,50.53535545317444,4.606956994766798,0.07257798955942316
P0475,P0475_03.jpg,P0475_03.jpg,.jpg,JPEG,L,1,8-bit,668169,652.509,0.63722,2032,2439,0.833128,4956048,0.0,255.0,255.0,72.42332661023461,21.0,82.15770876611808,9.0,165.0,156.0,0.0,0.0,217.0,236.0,217.0,236.0,6.712653636932373,82.15770876611808,81.2359670940509,33.07284352371083,0.4608107104693094
P0476,P0476_01.jpg,P0476_01.jpg,.jpg,JPEG,L,1,8-bit,451854,441.264,0.43092,2076,2465,0.842191,5117340,0.0,255.0,255.0,29.05137200186034,0.0,58.26187917830092,0.0,12.0,12.0,0.0,0.0,172.0,204.0,172.0,204.0,2.968625545501709,58.26187917830092,92.88349645073242,75.1602004166227,0.0729675964465914
P0476,P0476_02.jpg,P0476_02.jpg,.jpg,JPEG,L,1,8-bit,447830,437.334,0.42708,2100,2546,0.824823,5346600,0.0,255.0,255.0,38.04552762503273,0.0,63.962622815007265,0.0,65.0,65.0,0.0,0.0,176.0,214.0,176.0,214.0,3.4566898345947266,63.962622815007265,44.377519307407674,68.41185052182695,0.1292597164553174
